Apache Maven 3.9.14 (996c630dbc656c76214ce58821dcc58be960875b)
Maven home: C:\Users\shubh\AppData\Roaming\Code\User\globalStorage\pleiades.java-extension-pack-jdk\maven\latest
Java version: 21.0.9, vendor: Oracle Corporation, runtime: C:\Program Files\Java\jdk-21
Default locale: en_IN, platform encoding: UTF-8
OS name: "windows 11", version: "10.0", arch: "amd64", family: "windows"
[DEBUG] Created new class realm maven.api
[DEBUG] Importing foreign packages into class realm maven.api
[DEBUG]   Imported: javax.annotation.* < plexus.core
[DEBUG]   Imported: javax.annotation.security.* < plexus.core
[DEBUG]   Imported: javax.inject.* < plexus.core
[DEBUG]   Imported: org.apache.maven.* < plexus.core
[DEBUG]   Imported: org.apache.maven.artifact < plexus.core
[DEBUG]   Imported: org.apache.maven.classrealm < plexus.core
[DEBUG]   Imported: org.apache.maven.cli < plexus.core
[DEBUG]   Imported: org.apache.maven.configuration < plexus.core
[DEBUG]   Imported: org.apache.maven.exception < plexus.core
[DEBUG]   Imported: org.apache.maven.execution < plexus.core
[DEBUG]   Imported: org.apache.maven.execution.scope < plexus.core
[DEBUG]   Imported: org.apache.maven.graph < plexus.core
[DEBUG]   Imported: org.apache.maven.lifecycle < plexus.core
[DEBUG]   Imported: org.apache.maven.model < plexus.core
[DEBUG]   Imported: org.apache.maven.monitor < plexus.core
[DEBUG]   Imported: org.apache.maven.plugin < plexus.core
[DEBUG]   Imported: org.apache.maven.profiles < plexus.core
[DEBUG]   Imported: org.apache.maven.project < plexus.core
[DEBUG]   Imported: org.apache.maven.reporting < plexus.core
[DEBUG]   Imported: org.apache.maven.repository < plexus.core
[DEBUG]   Imported: org.apache.maven.rtinfo < plexus.core
[DEBUG]   Imported: org.apache.maven.settings < plexus.core
[DEBUG]   Imported: org.apache.maven.toolchain < plexus.core
[DEBUG]   Imported: org.apache.maven.usability < plexus.core
[DEBUG]   Imported: org.apache.maven.wagon.* < plexus.core
[DEBUG]   Imported: org.apache.maven.wagon.authentication < plexus.core
[DEBUG]   Imported: org.apache.maven.wagon.authorization < plexus.core
[DEBUG]   Imported: org.apache.maven.wagon.events < plexus.core
[DEBUG]   Imported: org.apache.maven.wagon.observers < plexus.core
[DEBUG]   Imported: org.apache.maven.wagon.proxy < plexus.core
[DEBUG]   Imported: org.apache.maven.wagon.repository < plexus.core
[DEBUG]   Imported: org.apache.maven.wagon.resource < plexus.core
[DEBUG]   Imported: org.codehaus.classworlds < plexus.core
[DEBUG]   Imported: org.codehaus.plexus.* < plexus.core
[DEBUG]   Imported: org.codehaus.plexus.classworlds < plexus.core
[DEBUG]   Imported: org.codehaus.plexus.component < plexus.core
[DEBUG]   Imported: org.codehaus.plexus.configuration < plexus.core
[DEBUG]   Imported: org.codehaus.plexus.container < plexus.core
[DEBUG]   Imported: org.codehaus.plexus.context < plexus.core
[DEBUG]   Imported: org.codehaus.plexus.lifecycle < plexus.core
[DEBUG]   Imported: org.codehaus.plexus.logging < plexus.core
[DEBUG]   Imported: org.codehaus.plexus.personality < plexus.core
[DEBUG]   Imported: org.codehaus.plexus.util.xml.Xpp3Dom < plexus.core
[DEBUG]   Imported: org.codehaus.plexus.util.xml.pull.XmlPullParser < plexus.core
[DEBUG]   Imported: org.codehaus.plexus.util.xml.pull.XmlPullParserException < plexus.core
[DEBUG]   Imported: org.codehaus.plexus.util.xml.pull.XmlSerializer < plexus.core
[DEBUG]   Imported: org.eclipse.aether.* < plexus.core
[DEBUG]   Imported: org.eclipse.aether.artifact < plexus.core
[DEBUG]   Imported: org.eclipse.aether.collection < plexus.core
[DEBUG]   Imported: org.eclipse.aether.deployment < plexus.core
[DEBUG]   Imported: org.eclipse.aether.graph < plexus.core
[DEBUG]   Imported: org.eclipse.aether.impl < plexus.core
[DEBUG]   Imported: org.eclipse.aether.installation < plexus.core
[DEBUG]   Imported: org.eclipse.aether.internal.impl < plexus.core
[DEBUG]   Imported: org.eclipse.aether.metadata < plexus.core
[DEBUG]   Imported: org.eclipse.aether.repository < plexus.core
[DEBUG]   Imported: org.eclipse.aether.resolution < plexus.core
[DEBUG]   Imported: org.eclipse.aether.spi < plexus.core
[DEBUG]   Imported: org.eclipse.aether.transfer < plexus.core
[DEBUG]   Imported: org.eclipse.aether.util < plexus.core
[DEBUG]   Imported: org.eclipse.aether.version < plexus.core
[DEBUG]   Imported: org.fusesource.jansi.* < plexus.core
[DEBUG]   Imported: org.slf4j.* < plexus.core
[DEBUG]   Imported: org.slf4j.event.* < plexus.core
[DEBUG]   Imported: org.slf4j.helpers.* < plexus.core
[DEBUG]   Imported: org.slf4j.spi.* < plexus.core
[DEBUG] Populating class realm maven.api
[DEBUG] Created adapter factory; available factories [file-lock, rwlock-local, semaphore-local, noop]; available name mappers [discriminating, file-gaecv, file-gav, file-hgaecv, file-hgav, file-static, gaecv, gav, static]
[INFO] Error stacktraces are turned on.
[DEBUG] Message scheme: color
[DEBUG] Message styles: debug info warning error success failure strong mojo project
[DEBUG] Reading global settings from C:\Users\shubh\AppData\Roaming\Code\User\globalStorage\pleiades.java-extension-pack-jdk\maven\latest\conf\settings.xml
[DEBUG] Reading user settings from C:\Users\shubh\.m2\settings.xml
[DEBUG] Reading global toolchains from C:\Users\shubh\AppData\Roaming\Code\User\globalStorage\pleiades.java-extension-pack-jdk\maven\latest\conf\toolchains.xml
[DEBUG] Reading user toolchains from C:\Users\shubh\.m2\toolchains.xml
[DEBUG] Using local repository at C:\Users\shubh\.m2\repository
[DEBUG] Using manager EnhancedLocalRepositoryManager with priority 10.0 for C:\Users\shubh\.m2\repository
[INFO] Scanning for projects...
[DEBUG] Creating adapter using nameMapper 'gaecv' and factory 'rwlock-local'
[DEBUG] Extension realms for project com.example:my-pdf-db:jar:1.0-SNAPSHOT: (none)
[DEBUG] Looking up lifecycle mappings for packaging jar from ClassRealm[plexus.core, parent: null]
[DEBUG] Extension realms for project org.springframework.boot:spring-boot-starter-parent:pom:3.2.3: (none)
[DEBUG] Looking up lifecycle mappings for packaging pom from ClassRealm[plexus.core, parent: null]
[DEBUG] Extension realms for project org.springframework.boot:spring-boot-dependencies:pom:3.2.3: (none)
[DEBUG] Looking up lifecycle mappings for packaging pom from ClassRealm[plexus.core, parent: null]
[DEBUG] Resolving plugin prefix spring-boot from [org.apache.maven.plugins, org.codehaus.mojo]
[DEBUG] Could not find metadata org.springframework.boot/maven-metadata.xml in local (C:\Users\shubh\.m2\repository)
[DEBUG] Skipped remote request for org.springframework.boot/maven-metadata.xml, locally cached metadata up-to-date
[DEBUG] Could not find metadata org.flywaydb/maven-metadata.xml in local (C:\Users\shubh\.m2\repository)
[DEBUG] Skipped remote request for org.flywaydb/maven-metadata.xml, locally cached metadata up-to-date
[DEBUG] Could not find metadata io.github.git-commit-id/maven-metadata.xml in local (C:\Users\shubh\.m2\repository)
[DEBUG] Skipped remote request for io.github.git-commit-id/maven-metadata.xml, locally cached metadata up-to-date
[DEBUG] Could not find metadata org.jooq/maven-metadata.xml in local (C:\Users\shubh\.m2\repository)
[DEBUG] Skipped remote request for org.jooq/maven-metadata.xml, locally cached metadata up-to-date
[DEBUG] Could not find metadata org.jetbrains.kotlin/maven-metadata.xml in local (C:\Users\shubh\.m2\repository)
[DEBUG] Skipped remote request for org.jetbrains.kotlin/maven-metadata.xml, locally cached metadata up-to-date
[DEBUG] Could not find metadata org.liquibase/maven-metadata.xml in local (C:\Users\shubh\.m2\repository)
[DEBUG] Skipped remote request for org.liquibase/maven-metadata.xml, locally cached metadata up-to-date
[DEBUG] Could not find metadata org.graalvm.buildtools/maven-metadata.xml in local (C:\Users\shubh\.m2\repository)
[DEBUG] Skipped remote request for org.graalvm.buildtools/maven-metadata.xml, locally cached metadata up-to-date
[DEBUG] Could not find metadata org.apache.maven.plugins/maven-metadata.xml in local (C:\Users\shubh\.m2\repository)
[DEBUG] Skipped remote request for org.apache.maven.plugins/maven-metadata.xml, locally cached metadata up-to-date
[DEBUG] Could not find metadata org.codehaus.mojo/maven-metadata.xml in local (C:\Users\shubh\.m2\repository)
[DEBUG] Skipped remote request for org.codehaus.mojo/maven-metadata.xml, locally cached metadata up-to-date
[DEBUG] Resolved plugin prefix spring-boot to org.springframework.boot:spring-boot-maven-plugin from repository central
[DEBUG] === REACTOR BUILD PLAN ================================================
[DEBUG] Project: com.example:my-pdf-db:jar:1.0-SNAPSHOT
[DEBUG] Tasks:   [clean, spring-boot:run]
[DEBUG] Style:   Regular
[DEBUG] =======================================================================
[INFO] 
[INFO] -----------------------< com.example:my-pdf-db >------------------------
[INFO] Building my-pdf-db 1.0-SNAPSHOT
[INFO]   from pom.xml
[INFO] --------------------------------[ jar ]---------------------------------
[DEBUG] Lifecycle clean -> [pre-clean, clean, post-clean]
[DEBUG] Lifecycle default -> [validate, initialize, generate-sources, process-sources, generate-resources, process-resources, compile, process-classes, generate-test-sources, process-test-sources, generate-test-resources, process-test-resources, test-compile, process-test-classes, test, prepare-package, package, pre-integration-test, integration-test, post-integration-test, verify, install, deploy]
[DEBUG] Lifecycle site -> [pre-site, site, post-site, site-deploy]
[DEBUG] Resolving plugin prefix spring-boot from [org.apache.maven.plugins, org.codehaus.mojo]
[DEBUG] Could not find metadata org.springframework.boot/maven-metadata.xml in local (C:\Users\shubh\.m2\repository)
[DEBUG] Skipped remote request for org.springframework.boot/maven-metadata.xml, locally cached metadata up-to-date
[DEBUG] Could not find metadata org.flywaydb/maven-metadata.xml in local (C:\Users\shubh\.m2\repository)
[DEBUG] Skipped remote request for org.flywaydb/maven-metadata.xml, locally cached metadata up-to-date
[DEBUG] Could not find metadata io.github.git-commit-id/maven-metadata.xml in local (C:\Users\shubh\.m2\repository)
[DEBUG] Skipped remote request for io.github.git-commit-id/maven-metadata.xml, locally cached metadata up-to-date
[DEBUG] Could not find metadata org.jooq/maven-metadata.xml in local (C:\Users\shubh\.m2\repository)
[DEBUG] Skipped remote request for org.jooq/maven-metadata.xml, locally cached metadata up-to-date
[DEBUG] Could not find metadata org.jetbrains.kotlin/maven-metadata.xml in local (C:\Users\shubh\.m2\repository)
[DEBUG] Skipped remote request for org.jetbrains.kotlin/maven-metadata.xml, locally cached metadata up-to-date
[DEBUG] Could not find metadata org.liquibase/maven-metadata.xml in local (C:\Users\shubh\.m2\repository)
[DEBUG] Skipped remote request for org.liquibase/maven-metadata.xml, locally cached metadata up-to-date
[DEBUG] Could not find metadata org.graalvm.buildtools/maven-metadata.xml in local (C:\Users\shubh\.m2\repository)
[DEBUG] Skipped remote request for org.graalvm.buildtools/maven-metadata.xml, locally cached metadata up-to-date
[DEBUG] Could not find metadata org.apache.maven.plugins/maven-metadata.xml in local (C:\Users\shubh\.m2\repository)
[DEBUG] Skipped remote request for org.apache.maven.plugins/maven-metadata.xml, locally cached metadata up-to-date
[DEBUG] Could not find metadata org.codehaus.mojo/maven-metadata.xml in local (C:\Users\shubh\.m2\repository)
[DEBUG] Skipped remote request for org.codehaus.mojo/maven-metadata.xml, locally cached metadata up-to-date
[DEBUG] Resolved plugin prefix spring-boot to org.springframework.boot:spring-boot-maven-plugin from repository central
[DEBUG] Lifecycle clean -> [pre-clean, clean, post-clean]
[DEBUG] Lifecycle default -> [validate, initialize, generate-sources, process-sources, generate-resources, process-resources, compile, process-classes, generate-test-sources, process-test-sources, generate-test-resources, process-test-resources, test-compile, process-test-classes, test, prepare-package, package, pre-integration-test, integration-test, post-integration-test, verify, install, deploy]
[DEBUG] Lifecycle site -> [pre-site, site, post-site, site-deploy]
[DEBUG] Lifecycle clean -> [pre-clean, clean, post-clean]
[DEBUG] Lifecycle default -> [validate, initialize, generate-sources, process-sources, generate-resources, process-resources, compile, process-classes, generate-test-sources, process-test-sources, generate-test-resources, process-test-resources, test-compile, process-test-classes, test, prepare-package, package, pre-integration-test, integration-test, post-integration-test, verify, install, deploy]
[DEBUG] Lifecycle site -> [pre-site, site, post-site, site-deploy]
[DEBUG] Lifecycle clean -> [pre-clean, clean, post-clean]
[DEBUG] Lifecycle default -> [validate, initialize, generate-sources, process-sources, generate-resources, process-resources, compile, process-classes, generate-test-sources, process-test-sources, generate-test-resources, process-test-resources, test-compile, process-test-classes, test, prepare-package, package, pre-integration-test, integration-test, post-integration-test, verify, install, deploy]
[DEBUG] Lifecycle site -> [pre-site, site, post-site, site-deploy]
[DEBUG] === PROJECT BUILD PLAN ================================================
[DEBUG] Project:       com.example:my-pdf-db:1.0-SNAPSHOT
[DEBUG] Dependencies (collect): []
[DEBUG] Dependencies (resolve): [test]
[DEBUG] Repositories (dependencies): [central (https://repo.maven.apache.org/maven2, default, releases)]
[DEBUG] Repositories (plugins)     : [central (https://repo.maven.apache.org/maven2, default, releases)]
[DEBUG] -----------------------------------------------------------------------
[DEBUG] Goal:          org.apache.maven.plugins:maven-clean-plugin:3.3.2:clean (default-clean)
[DEBUG] Style:         Regular
[DEBUG] Configuration: <?xml version="1.0" encoding="UTF-8"?>
<configuration>
  <directory default-value="${project.build.directory}"/>
  <excludeDefaultDirectories default-value="false">${maven.clean.excludeDefaultDirectories}</excludeDefaultDirectories>
  <failOnError default-value="true">${maven.clean.failOnError}</failOnError>
  <fast default-value="false">${maven.clean.fast}</fast>
  <fastDir>${maven.clean.fastDir}</fastDir>
  <fastMode default-value="background">${maven.clean.fastMode}</fastMode>
  <followSymLinks default-value="false">${maven.clean.followSymLinks}</followSymLinks>
  <outputDirectory default-value="${project.build.outputDirectory}"/>
  <reportDirectory default-value="${project.build.outputDirectory}"/>
  <retryOnError default-value="true">${maven.clean.retryOnError}</retryOnError>
  <session default-value="${session}"/>
  <skip default-value="false">${maven.clean.skip}</skip>
  <testOutputDirectory default-value="${project.build.testOutputDirectory}"/>
  <verbose>${maven.clean.verbose}</verbose>
</configuration>
[DEBUG] --- init fork of com.example:my-pdf-db:1.0-SNAPSHOT for org.springframework.boot:spring-boot-maven-plugin:3.2.3:run (default-cli) ---
[DEBUG] Dependencies (collect): []
[DEBUG] Dependencies (resolve): [compile, test]
[DEBUG] -----------------------------------------------------------------------
[DEBUG] Goal:          org.apache.maven.plugins:maven-resources-plugin:3.3.1:resources (default-resources)
[DEBUG] Style:         Regular
[DEBUG] Configuration: <?xml version="1.0" encoding="UTF-8"?>
<configuration>
  <addDefaultExcludes default-value="true"/>
  <buildFilters default-value="${project.build.filters}"/>
  <delimiters>
    <delimiter>@</delimiter>
  </delimiters>
  <encoding default-value="${project.build.sourceEncoding}"/>
  <escapeWindowsPaths default-value="true"/>
  <fileNameFiltering default-value="false"/>
  <includeEmptyDirs default-value="false"/>
  <outputDirectory default-value="${project.build.outputDirectory}"/>
  <overwrite default-value="false"/>
  <project default-value="${project}"/>
  <propertiesEncoding>UTF-8</propertiesEncoding>
  <resources default-value="${project.resources}"/>
  <session default-value="${session}"/>
  <skip default-value="false">${maven.resources.skip}</skip>
  <supportMultiLineFiltering default-value="false"/>
  <useBuildFilters default-value="true"/>
  <useDefaultDelimiters default-value="true">false</useDefaultDelimiters>
</configuration>
[DEBUG] -----------------------------------------------------------------------
[DEBUG] Goal:          org.apache.maven.plugins:maven-compiler-plugin:3.11.0:compile (default-compile)
[DEBUG] Style:         Regular
[DEBUG] Configuration: <?xml version="1.0" encoding="UTF-8"?>
<configuration>
  <basedir default-value="${basedir}"/>
  <buildDirectory default-value="${project.build.directory}"/>
  <compilePath default-value="${project.compileClasspathElements}"/>
  <compileSourceRoots default-value="${project.compileSourceRoots}"/>
  <compilerId default-value="javac">${maven.compiler.compilerId}</compilerId>
  <compilerReuseStrategy default-value="${reuseCreated}">${maven.compiler.compilerReuseStrategy}</compilerReuseStrategy>
  <compilerVersion>${maven.compiler.compilerVersion}</compilerVersion>
  <createMissingPackageInfoClass default-value="true">${maven.compiler.createMissingPackageInfoClass}</createMissingPackageInfoClass>
  <debug default-value="true">${maven.compiler.debug}</debug>
  <debugFileName default-value="javac"/>
  <debuglevel>${maven.compiler.debuglevel}</debuglevel>
  <enablePreview default-value="false">${maven.compiler.enablePreview}</enablePreview>
  <encoding default-value="${project.build.sourceEncoding}">${encoding}</encoding>
  <executable>${maven.compiler.executable}</executable>
  <failOnError default-value="true">${maven.compiler.failOnError}</failOnError>
  <failOnWarning default-value="false">${maven.compiler.failOnWarning}</failOnWarning>
  <forceJavacCompilerUse default-value="false">${maven.compiler.forceJavacCompilerUse}</forceJavacCompilerUse>
  <fork default-value="false">${maven.compiler.fork}</fork>
  <generatedSourcesDirectory default-value="${project.build.directory}/generated-sources/annotations"/>
  <implicit>${maven.compiler.implicit}</implicit>
  <maxmem>${maven.compiler.maxmem}</maxmem>
  <meminitial>${maven.compiler.meminitial}</meminitial>
  <mojoExecution default-value="${mojoExecution}"/>
  <optimize default-value="false">${maven.compiler.optimize}</optimize>
  <outputDirectory default-value="${project.build.outputDirectory}"/>
  <parameters default-value="false">true</parameters>
  <project default-value="${project}"/>
  <projectArtifact default-value="${project.artifact}"/>
  <release>${maven.compiler.release}</release>
  <session default-value="${session}"/>
  <showCompilationChanges default-value="false">${maven.compiler.showCompilationChanges}</showCompilationChanges>
  <showDeprecation default-value="false">${maven.compiler.showDeprecation}</showDeprecation>
  <showWarnings default-value="true">${maven.compiler.showWarnings}</showWarnings>
  <skipMain>${maven.main.skip}</skipMain>
  <skipMultiThreadWarning default-value="false">${maven.compiler.skipMultiThreadWarning}</skipMultiThreadWarning>
  <source default-value="1.8">${maven.compiler.source}</source>
  <staleMillis default-value="0">${lastModGranularityMs}</staleMillis>
  <target default-value="1.8">${maven.compiler.target}</target>
  <useIncrementalCompilation default-value="true">${maven.compiler.useIncrementalCompilation}</useIncrementalCompilation>
  <verbose default-value="false">${maven.compiler.verbose}</verbose>
</configuration>
[DEBUG] -----------------------------------------------------------------------
[DEBUG] Goal:          org.apache.maven.plugins:maven-resources-plugin:3.3.1:testResources (default-testResources)
[DEBUG] Style:         Regular
[DEBUG] Configuration: <?xml version="1.0" encoding="UTF-8"?>
<configuration>
  <addDefaultExcludes default-value="true"/>
  <buildFilters default-value="${project.build.filters}"/>
  <delimiters>
    <delimiter>@</delimiter>
  </delimiters>
  <encoding default-value="${project.build.sourceEncoding}"/>
  <escapeWindowsPaths default-value="true"/>
  <fileNameFiltering default-value="false"/>
  <includeEmptyDirs default-value="false"/>
  <outputDirectory default-value="${project.build.testOutputDirectory}"/>
  <overwrite default-value="false"/>
  <project default-value="${project}"/>
  <propertiesEncoding>UTF-8</propertiesEncoding>
  <resources default-value="${project.testResources}"/>
  <session default-value="${session}"/>
  <skip default-value="false">${maven.test.skip}</skip>
  <supportMultiLineFiltering default-value="false"/>
  <useBuildFilters default-value="true"/>
  <useDefaultDelimiters default-value="true">false</useDefaultDelimiters>
</configuration>
[DEBUG] -----------------------------------------------------------------------
[DEBUG] Goal:          org.apache.maven.plugins:maven-compiler-plugin:3.11.0:testCompile (default-testCompile)
[DEBUG] Style:         Regular
[DEBUG] Configuration: <?xml version="1.0" encoding="UTF-8"?>
<configuration>
  <basedir default-value="${basedir}"/>
  <buildDirectory default-value="${project.build.directory}"/>
  <compileSourceRoots default-value="${project.testCompileSourceRoots}"/>
  <compilerId default-value="javac">${maven.compiler.compilerId}</compilerId>
  <compilerReuseStrategy default-value="${reuseCreated}">${maven.compiler.compilerReuseStrategy}</compilerReuseStrategy>
  <compilerVersion>${maven.compiler.compilerVersion}</compilerVersion>
  <createMissingPackageInfoClass default-value="true">${maven.compiler.createMissingPackageInfoClass}</createMissingPackageInfoClass>
  <debug default-value="true">${maven.compiler.debug}</debug>
  <debugFileName default-value="javac-test"/>
  <debuglevel>${maven.compiler.debuglevel}</debuglevel>
  <enablePreview default-value="false">${maven.compiler.enablePreview}</enablePreview>
  <encoding default-value="${project.build.sourceEncoding}">${encoding}</encoding>
  <executable>${maven.compiler.executable}</executable>
  <failOnError default-value="true">${maven.compiler.failOnError}</failOnError>
  <failOnWarning default-value="false">${maven.compiler.failOnWarning}</failOnWarning>
  <forceJavacCompilerUse default-value="false">${maven.compiler.forceJavacCompilerUse}</forceJavacCompilerUse>
  <fork default-value="false">${maven.compiler.fork}</fork>
  <generatedTestSourcesDirectory default-value="${project.build.directory}/generated-test-sources/test-annotations"/>
  <implicit>${maven.compiler.implicit}</implicit>
  <maxmem>${maven.compiler.maxmem}</maxmem>
  <meminitial>${maven.compiler.meminitial}</meminitial>
  <mojoExecution default-value="${mojoExecution}"/>
  <optimize default-value="false">${maven.compiler.optimize}</optimize>
  <outputDirectory default-value="${project.build.testOutputDirectory}"/>
  <parameters default-value="false">true</parameters>
  <project default-value="${project}"/>
  <release>${maven.compiler.release}</release>
  <session default-value="${session}"/>
  <showCompilationChanges default-value="false">${maven.compiler.showCompilationChanges}</showCompilationChanges>
  <showDeprecation default-value="false">${maven.compiler.showDeprecation}</showDeprecation>
  <showWarnings default-value="true">${maven.compiler.showWarnings}</showWarnings>
  <skip>${maven.test.skip}</skip>
  <skipMultiThreadWarning default-value="false">${maven.compiler.skipMultiThreadWarning}</skipMultiThreadWarning>
  <source default-value="1.8">${maven.compiler.source}</source>
  <staleMillis default-value="0">${lastModGranularityMs}</staleMillis>
  <target default-value="1.8">${maven.compiler.target}</target>
  <testPath default-value="${project.testClasspathElements}"/>
  <testRelease>${maven.compiler.testRelease}</testRelease>
  <testSource>${maven.compiler.testSource}</testSource>
  <testTarget>${maven.compiler.testTarget}</testTarget>
  <useIncrementalCompilation default-value="true">${maven.compiler.useIncrementalCompilation}</useIncrementalCompilation>
  <useModulePath default-value="true"/>
  <verbose default-value="false">${maven.compiler.verbose}</verbose>
</configuration>
[DEBUG] --- exit fork of com.example:my-pdf-db:1.0-SNAPSHOT for org.springframework.boot:spring-boot-maven-plugin:3.2.3:run (default-cli) ---
[DEBUG] -----------------------------------------------------------------------
[DEBUG] Goal:          org.springframework.boot:spring-boot-maven-plugin:3.2.3:run (default-cli)
[DEBUG] Style:         Regular
[DEBUG] Configuration: <?xml version="1.0" encoding="UTF-8"?>
<configuration>
  <addResources default-value="false">${spring-boot.run.addResources}</addResources>
  <additionalClasspathElements>${spring-boot.run.additional-classpath-elements}</additionalClasspathElements>
  <agents>${spring-boot.run.agents}</agents>
  <classesDirectory default-value="${project.build.outputDirectory}"/>
  <commandlineArguments>${spring-boot.run.arguments}</commandlineArguments>
  <directories>${spring-boot.run.directories}</directories>
  <excludeGroupIds default-value="">${spring-boot.excludeGroupIds}</excludeGroupIds>
  <excludes>${spring-boot.excludes}</excludes>
  <includes>${spring-boot.includes}</includes>
  <jvmArguments>${spring-boot.run.jvmArguments}</jvmArguments>
  <mainClass>${start-class}</mainClass>
  <noverify>${spring-boot.run.noverify}</noverify>
  <optimizedLaunch default-value="true">${spring-boot.run.optimizedLaunch}</optimizedLaunch>
  <profiles>${spring-boot.run.profiles}</profiles>
  <project default-value="${project}"/>
  <session default-value="${session}"/>
  <skip default-value="false">${spring-boot.run.skip}</skip>
  <useTestClasspath default-value="false">${spring-boot.run.useTestClasspath}</useTestClasspath>
  <workingDirectory>${spring-boot.run.workingDirectory}</workingDirectory>
</configuration>
[DEBUG] =======================================================================
[DEBUG] Using mirror maven-default-http-blocker (http://0.0.0.0/) for ow2-snapshot (http://repository.ow2.org/nexus/content/repositories/snapshots).
[DEBUG] Using mirror maven-default-http-blocker (http://0.0.0.0/) for apache.snapshots (http://repository.apache.org/snapshots).
[DEBUG] Dependency collection stats {ConflictMarker.analyzeTime=1088700, ConflictMarker.markTime=205900, ConflictMarker.nodeCount=207, ConflictIdSorter.graphTime=893100, ConflictIdSorter.topsortTime=299000, ConflictIdSorter.conflictIdCount=98, ConflictIdSorter.conflictIdCycleCount=0, ConflictResolver.totalTime=6294100, ConflictResolver.conflictItemCount=204, DfDependencyCollector.collectTime=494992900, DfDependencyCollector.transformTime=10164300}
[DEBUG] com.example:my-pdf-db:jar:1.0-SNAPSHOT
[DEBUG]    org.springframework.boot:spring-boot-starter-actuator:jar:3.2.3:compile
[DEBUG]       org.springframework.boot:spring-boot-starter:jar:3.2.3:compile (version managed from 3.2.3)
[DEBUG]          org.springframework.boot:spring-boot:jar:3.2.3:compile (version managed from 3.2.3)
[DEBUG]          org.springframework.boot:spring-boot-autoconfigure:jar:3.2.3:compile (version managed from 3.2.3)
[DEBUG]          org.springframework.boot:spring-boot-starter-logging:jar:3.2.3:compile (version managed from 3.2.3)
[DEBUG]             ch.qos.logback:logback-classic:jar:1.4.14:compile (version managed from 1.4.14)
[DEBUG]                ch.qos.logback:logback-core:jar:1.4.14:compile (version managed from 1.4.14)
[DEBUG]             org.apache.logging.log4j:log4j-to-slf4j:jar:2.21.1:compile (version managed from 2.21.1)
[DEBUG]                org.apache.logging.log4j:log4j-api:jar:2.21.1:compile (version managed from 2.21.1)
[DEBUG]             org.slf4j:jul-to-slf4j:jar:2.0.12:compile (version managed from 2.0.12)
[DEBUG]          jakarta.annotation:jakarta.annotation-api:jar:2.1.1:compile (version managed from 2.1.1)
[DEBUG]          org.springframework:spring-core:jar:6.1.4:compile (version managed from 6.1.4)
[DEBUG]             org.springframework:spring-jcl:jar:6.1.4:compile (version managed from 6.1.4)
[DEBUG]          org.yaml:snakeyaml:jar:2.2:compile (version managed from 2.2)
[DEBUG]       org.springframework.boot:spring-boot-actuator-autoconfigure:jar:3.2.3:compile (version managed from 3.2.3)
[DEBUG]          org.springframework.boot:spring-boot-actuator:jar:3.2.3:compile (version managed from 3.2.3)
[DEBUG]          com.fasterxml.jackson.core:jackson-databind:jar:2.15.4:compile (version managed from 2.15.4)
[DEBUG]             com.fasterxml.jackson.core:jackson-annotations:jar:2.15.4:compile (version managed from 2.15.4)
[DEBUG]             com.fasterxml.jackson.core:jackson-core:jar:2.15.4:compile (version managed from 2.15.4)
[DEBUG]          com.fasterxml.jackson.datatype:jackson-datatype-jsr310:jar:2.15.4:compile (version managed from 2.15.4)
[DEBUG]       io.micrometer:micrometer-observation:jar:1.12.3:compile (version managed from 1.12.3)
[DEBUG]          io.micrometer:micrometer-commons:jar:1.12.3:compile (version managed from 1.12.3)
[DEBUG]       io.micrometer:micrometer-jakarta9:jar:1.12.3:compile (version managed from 1.12.3)
[DEBUG]          io.micrometer:micrometer-core:jar:1.12.3:compile (version managed from 1.12.3)
[DEBUG]             org.hdrhistogram:HdrHistogram:jar:2.1.12:runtime
[DEBUG]             org.latencyutils:LatencyUtils:jar:2.0.3:runtime
[DEBUG]    org.springframework.boot:spring-boot-starter-data-jpa:jar:3.2.3:compile
[DEBUG]       org.springframework.boot:spring-boot-starter-aop:jar:3.2.3:compile (version managed from 3.2.3)
[DEBUG]          org.aspectj:aspectjweaver:jar:1.9.21:compile (version managed from 1.9.21)
[DEBUG]       org.springframework.boot:spring-boot-starter-jdbc:jar:3.2.3:compile (version managed from 3.2.3)
[DEBUG]          com.zaxxer:HikariCP:jar:5.0.1:compile (version managed from 5.0.1)
[DEBUG]          org.springframework:spring-jdbc:jar:6.1.4:compile (version managed from 6.1.4)
[DEBUG]       org.hibernate.orm:hibernate-core:jar:6.4.4.Final:compile (version managed from 6.4.4.Final)
[DEBUG]          jakarta.persistence:jakarta.persistence-api:jar:3.1.0:compile (version managed from 3.1.0)
[DEBUG]          jakarta.transaction:jakarta.transaction-api:jar:2.0.1:compile (version managed from 2.0.1)
[DEBUG]          org.jboss.logging:jboss-logging:jar:3.5.3.Final:runtime (version managed from 3.5.0.Final)
[DEBUG]          org.hibernate.common:hibernate-commons-annotations:jar:6.0.6.Final:runtime
[DEBUG]          io.smallrye:jandex:jar:3.1.2:runtime
[DEBUG]          com.fasterxml:classmate:jar:1.6.0:runtime (version managed from 1.5.1)
[DEBUG]          net.bytebuddy:byte-buddy:jar:1.14.12:runtime (version managed from 1.14.11)
[DEBUG]          jakarta.xml.bind:jakarta.xml.bind-api:jar:4.0.1:runtime (version managed from 4.0.0)
[DEBUG]             jakarta.activation:jakarta.activation-api:jar:2.1.2:runtime (version managed from 2.1.2)
[DEBUG]          org.glassfish.jaxb:jaxb-runtime:jar:4.0.4:runtime (version managed from 4.0.2)
[DEBUG]             org.glassfish.jaxb:jaxb-core:jar:4.0.4:runtime (version managed from 4.0.4)
[DEBUG]                org.eclipse.angus:angus-activation:jar:2.0.1:runtime (version managed from 2.0.1)
[DEBUG]                org.glassfish.jaxb:txw2:jar:4.0.4:runtime (version managed from 4.0.4)
[DEBUG]                com.sun.istack:istack-commons-runtime:jar:4.1.2:runtime (version managed from 4.1.2)
[DEBUG]          jakarta.inject:jakarta.inject-api:jar:2.0.1:runtime
[DEBUG]          org.antlr:antlr4-runtime:jar:4.13.0:compile
[DEBUG]       org.springframework.data:spring-data-jpa:jar:3.2.3:compile (version managed from 3.2.3)
[DEBUG]          org.springframework.data:spring-data-commons:jar:3.2.3:compile (version managed from 3.2.3)
[DEBUG]          org.springframework:spring-orm:jar:6.1.4:compile (version managed from 6.1.4)
[DEBUG]          org.springframework:spring-context:jar:6.1.4:compile (version managed from 6.1.4)
[DEBUG]          org.springframework:spring-tx:jar:6.1.4:compile (version managed from 6.1.4)
[DEBUG]          org.springframework:spring-beans:jar:6.1.4:compile (version managed from 6.1.4)
[DEBUG]       org.springframework:spring-aspects:jar:6.1.4:compile (version managed from 6.1.4)
[DEBUG]    org.postgresql:postgresql:jar:42.6.1:runtime
[DEBUG]       org.checkerframework:checker-qual:jar:3.31.0:runtime
[DEBUG]    org.springframework.boot:spring-boot-starter-web:jar:3.2.3:compile
[DEBUG]       org.springframework.boot:spring-boot-starter-json:jar:3.2.3:compile (version managed from 3.2.3)
[DEBUG]          com.fasterxml.jackson.datatype:jackson-datatype-jdk8:jar:2.15.4:compile (version managed from 2.15.4)
[DEBUG]          com.fasterxml.jackson.module:jackson-module-parameter-names:jar:2.15.4:compile (version managed from 2.15.4)
[DEBUG]       org.springframework.boot:spring-boot-starter-tomcat:jar:3.2.3:compile (version managed from 3.2.3)
[DEBUG]          org.apache.tomcat.embed:tomcat-embed-core:jar:10.1.19:compile (version managed from 10.1.19)
[DEBUG]          org.apache.tomcat.embed:tomcat-embed-el:jar:10.1.19:compile (version managed from 10.1.19)
[DEBUG]          org.apache.tomcat.embed:tomcat-embed-websocket:jar:10.1.19:compile (version managed from 10.1.19)
[DEBUG]       org.springframework:spring-web:jar:6.1.4:compile (version managed from 6.1.4)
[DEBUG]       org.springframework:spring-webmvc:jar:6.1.4:compile (version managed from 6.1.4)
[DEBUG]          org.springframework:spring-expression:jar:6.1.4:compile (version managed from 6.1.4)
[DEBUG]    org.springframework.boot:spring-boot-starter-thymeleaf:jar:3.2.3:compile
[DEBUG]       org.thymeleaf:thymeleaf-spring6:jar:3.1.2.RELEASE:compile (version managed from 3.1.2.RELEASE)
[DEBUG]          org.thymeleaf:thymeleaf:jar:3.1.2.RELEASE:compile (version managed from 3.1.2.RELEASE)
[DEBUG]             org.attoparser:attoparser:jar:2.0.7.RELEASE:compile
[DEBUG]             org.unbescape:unbescape:jar:1.1.6.RELEASE:compile
[DEBUG]    org.springframework.boot:spring-boot-starter-security:jar:3.2.3:compile
[DEBUG]       org.springframework:spring-aop:jar:6.1.4:compile (version managed from 6.1.4)
[DEBUG]       org.springframework.security:spring-security-config:jar:6.2.2:compile (version managed from 6.2.2)
[DEBUG]       org.springframework.security:spring-security-web:jar:6.2.2:compile (version managed from 6.2.2)
[DEBUG]    org.springframework.boot:spring-boot-starter-oauth2-client:jar:3.2.3:compile
[DEBUG]       org.springframework.security:spring-security-core:jar:6.2.2:compile (version managed from 6.2.2)
[DEBUG]          org.springframework.security:spring-security-crypto:jar:6.2.2:compile (version managed from 6.2.2)
[DEBUG]       org.springframework.security:spring-security-oauth2-client:jar:6.2.2:compile (version managed from 6.2.2)
[DEBUG]          org.springframework.security:spring-security-oauth2-core:jar:6.2.2:compile (version managed from 6.2.2)
[DEBUG]          com.nimbusds:oauth2-oidc-sdk:jar:9.43.3:compile
[DEBUG]             com.github.stephenc.jcip:jcip-annotations:jar:1.0-1:compile
[DEBUG]             com.nimbusds:content-type:jar:2.2:compile
[DEBUG]             net.minidev:json-smart:jar:2.5.0:compile (version managed from [1.3.3,2.4.10])
[DEBUG]                net.minidev:accessors-smart:jar:2.5.0:compile
[DEBUG]                   org.ow2.asm:asm:jar:9.3:compile
[DEBUG]             com.nimbusds:lang-tag:jar:1.7:compile
[DEBUG]       org.springframework.security:spring-security-oauth2-jose:jar:6.2.2:compile (version managed from 6.2.2)
[DEBUG]          com.nimbusds:nimbus-jose-jwt:jar:9.24.4:compile
[DEBUG]    org.thymeleaf.extras:thymeleaf-extras-springsecurity6:jar:3.1.2.RELEASE:compile
[DEBUG]       org.slf4j:slf4j-api:jar:2.0.12:compile (version managed from 2.0.7)
[DEBUG]    org.apache.pdfbox:pdfbox:jar:2.0.30:compile
[DEBUG]       org.apache.pdfbox:fontbox:jar:2.0.30:compile
[DEBUG]       commons-logging:commons-logging:jar:1.2:compile
[DEBUG]    org.json:json:jar:20231013:compile
[INFO] 
[INFO] --- clean:3.3.2:clean (default-clean) @ my-pdf-db ---
[DEBUG] Dependency collection stats {ConflictMarker.analyzeTime=77100, ConflictMarker.markTime=65100, ConflictMarker.nodeCount=2, ConflictIdSorter.graphTime=39900, ConflictIdSorter.topsortTime=7200, ConflictIdSorter.conflictIdCount=2, ConflictIdSorter.conflictIdCycleCount=0, ConflictResolver.totalTime=127900, ConflictResolver.conflictItemCount=2, DfDependencyCollector.collectTime=11914600, DfDependencyCollector.transformTime=332200}
[DEBUG] org.apache.maven.plugins:maven-clean-plugin:jar:3.3.2
[DEBUG]    org.codehaus.plexus:plexus-utils:jar:4.0.0:compile
[DEBUG] Created new class realm plugin>org.apache.maven.plugins:maven-clean-plugin:3.3.2
[DEBUG] Importing foreign packages into class realm plugin>org.apache.maven.plugins:maven-clean-plugin:3.3.2
[DEBUG]   Imported:  < maven.api
[DEBUG] Populating class realm plugin>org.apache.maven.plugins:maven-clean-plugin:3.3.2
[DEBUG]   Included: org.apache.maven.plugins:maven-clean-plugin:jar:3.3.2
[DEBUG]   Included: org.codehaus.plexus:plexus-utils:jar:4.0.0
[DEBUG] Loading mojo org.apache.maven.plugins:maven-clean-plugin:3.3.2:clean from plugin realm ClassRealm[plugin>org.apache.maven.plugins:maven-clean-plugin:3.3.2, parent: jdk.internal.loader.ClassLoaders$AppClassLoader@5c647e05]
[DEBUG] Configuring mojo execution 'org.apache.maven.plugins:maven-clean-plugin:3.3.2:clean:default-clean' with basic configurator -->
[DEBUG]   (f) directory = D:\my-pdf-db\target
[DEBUG]   (f) excludeDefaultDirectories = false
[DEBUG]   (f) failOnError = true
[DEBUG]   (f) fast = false
[DEBUG]   (f) fastMode = background
[DEBUG]   (f) followSymLinks = false
[DEBUG]   (f) outputDirectory = D:\my-pdf-db\target\classes
[DEBUG]   (f) reportDirectory = D:\my-pdf-db\target\classes
[DEBUG]   (f) retryOnError = true
[DEBUG]   (f) session = org.apache.maven.execution.MavenSession@2d64160c
[DEBUG]   (f) skip = false
[DEBUG]   (f) testOutputDirectory = D:\my-pdf-db\target\test-classes
[DEBUG] -- end configuration --
[INFO] Deleting D:\my-pdf-db\target
[INFO] Deleting file D:\my-pdf-db\target\maven-status\maven-compiler-plugin\compile\default-compile\inputFiles.lst
[INFO] Deleting file D:\my-pdf-db\target\maven-status\maven-compiler-plugin\compile\default-compile\createdFiles.lst
[INFO] Deleting directory D:\my-pdf-db\target\maven-status\maven-compiler-plugin\compile\default-compile
[INFO] Deleting directory D:\my-pdf-db\target\maven-status\maven-compiler-plugin\compile
[INFO] Deleting directory D:\my-pdf-db\target\maven-status\maven-compiler-plugin
[INFO] Deleting directory D:\my-pdf-db\target\maven-status
[INFO] Deleting directory D:\my-pdf-db\target\generated-sources\annotations
[INFO] Deleting directory D:\my-pdf-db\target\generated-sources
[INFO] Deleting file D:\my-pdf-db\target\classes\com\example\WebController.class
[INFO] Deleting file D:\my-pdf-db\target\classes\com\example\ui\SearchService.class
[INFO] Deleting file D:\my-pdf-db\target\classes\com\example\ui\LocalOAuthServer.class
[INFO] Deleting file D:\my-pdf-db\target\classes\com\example\ui\GitHubUserProfile.class
[INFO] Deleting file D:\my-pdf-db\target\classes\com\example\ui\GitHubOAuthClient.class
[INFO] Deleting file D:\my-pdf-db\target\classes\com\example\ui\DatabaseConnection.class
[INFO] Deleting file D:\my-pdf-db\target\classes\com\example\ui\AcademicSearchUI.class
[INFO] Deleting file D:\my-pdf-db\target\classes\com\example\ui\AcademicSearchUI$5.class
[INFO] Deleting file D:\my-pdf-db\target\classes\com\example\ui\AcademicSearchUI$4.class
[INFO] Deleting file D:\my-pdf-db\target\classes\com\example\ui\AcademicSearchUI$3.class
[INFO] Deleting file D:\my-pdf-db\target\classes\com\example\ui\AcademicSearchUI$2.class
[INFO] Deleting file D:\my-pdf-db\target\classes\com\example\ui\AcademicSearchUI$1.class
[INFO] Deleting directory D:\my-pdf-db\target\classes\com\example\ui
[INFO] Deleting file D:\my-pdf-db\target\classes\com\example\SecurityConfig.class
[INFO] Deleting file D:\my-pdf-db\target\classes\com\example\SearchController.class
[INFO] Deleting file D:\my-pdf-db\target\classes\com\example\PDFToDatabase.class
[INFO] Deleting file D:\my-pdf-db\target\classes\com\example\MaterialController.class
[INFO] Deleting file D:\my-pdf-db\target\classes\com\example\DatabaseSetup.class
[INFO] Deleting file D:\my-pdf-db\target\classes\com\example\auth\TokenManager.class
[INFO] Deleting directory D:\my-pdf-db\target\classes\com\example\auth
[INFO] Deleting file D:\my-pdf-db\target\classes\com\example\AcademicMaterialService.class
[INFO] Deleting file D:\my-pdf-db\target\classes\com\example\AcademicMaterialRepository.class
[INFO] Deleting file D:\my-pdf-db\target\classes\com\example\AcademicMaterial.class
[INFO] Deleting directory D:\my-pdf-db\target\classes\com\example
[INFO] Deleting directory D:\my-pdf-db\target\classes\com
[INFO] Deleting file D:\my-pdf-db\target\classes\application.properties
[INFO] Deleting directory D:\my-pdf-db\target\classes
[INFO] Deleting directory D:\my-pdf-db\target
[DEBUG] Skipping non-existing directory D:\my-pdf-db\target\classes
[DEBUG] Skipping non-existing directory D:\my-pdf-db\target\test-classes
[DEBUG] Skipping non-existing directory D:\my-pdf-db\target\classes
[INFO] 
[INFO] >>> spring-boot:3.2.3:run (default-cli) > test-compile @ my-pdf-db >>>
[INFO] 
[INFO] --- resources:3.3.1:resources (default-resources) @ my-pdf-db ---
[DEBUG] Dependency collection stats {ConflictMarker.analyzeTime=27200, ConflictMarker.markTime=12700, ConflictMarker.nodeCount=13, ConflictIdSorter.graphTime=33200, ConflictIdSorter.topsortTime=10600, ConflictIdSorter.conflictIdCount=9, ConflictIdSorter.conflictIdCycleCount=0, ConflictResolver.totalTime=161000, ConflictResolver.conflictItemCount=13, DfDependencyCollector.collectTime=43138800, DfDependencyCollector.transformTime=275100}
[DEBUG] org.apache.maven.plugins:maven-resources-plugin:jar:3.3.1
[DEBUG]    org.codehaus.plexus:plexus-interpolation:jar:1.26:runtime
[DEBUG]    org.codehaus.plexus:plexus-utils:jar:3.5.1:compile
[DEBUG]    org.apache.maven.shared:maven-filtering:jar:3.3.1:compile
[DEBUG]       javax.inject:javax.inject:jar:1:compile
[DEBUG]       org.slf4j:slf4j-api:jar:1.7.36:compile
[DEBUG]       org.sonatype.plexus:plexus-build-api:jar:0.0.7:compile
[DEBUG]    commons-io:commons-io:jar:2.11.0:compile
[DEBUG]    org.apache.commons:commons-lang3:jar:3.12.0:compile
[DEBUG] Created new class realm plugin>org.apache.maven.plugins:maven-resources-plugin:3.3.1
[DEBUG] Importing foreign packages into class realm plugin>org.apache.maven.plugins:maven-resources-plugin:3.3.1
[DEBUG]   Imported:  < maven.api
[DEBUG] Populating class realm plugin>org.apache.maven.plugins:maven-resources-plugin:3.3.1
[DEBUG]   Included: org.apache.maven.plugins:maven-resources-plugin:jar:3.3.1
[DEBUG]   Included: org.codehaus.plexus:plexus-interpolation:jar:1.26
[DEBUG]   Included: org.codehaus.plexus:plexus-utils:jar:3.5.1
[DEBUG]   Included: org.apache.maven.shared:maven-filtering:jar:3.3.1
[DEBUG]   Included: org.sonatype.plexus:plexus-build-api:jar:0.0.7
[DEBUG]   Included: commons-io:commons-io:jar:2.11.0
[DEBUG]   Included: org.apache.commons:commons-lang3:jar:3.12.0
[DEBUG] Loading mojo org.apache.maven.plugins:maven-resources-plugin:3.3.1:resources from plugin realm ClassRealm[plugin>org.apache.maven.plugins:maven-resources-plugin:3.3.1, parent: jdk.internal.loader.ClassLoaders$AppClassLoader@5c647e05]
[DEBUG] Configuring mojo execution 'org.apache.maven.plugins:maven-resources-plugin:3.3.1:resources:default-resources' with basic configurator -->
[DEBUG]   (f) addDefaultExcludes = true
[DEBUG]   (f) buildFilters = []
[DEBUG]   (s) delimiters = [@]
[DEBUG]   (f) encoding = UTF-8
[DEBUG]   (f) escapeWindowsPaths = true
[DEBUG]   (f) fileNameFiltering = false
[DEBUG]   (s) includeEmptyDirs = false
[DEBUG]   (s) outputDirectory = D:\my-pdf-db\target\classes
[DEBUG]   (s) overwrite = false
[DEBUG]   (f) project = MavenProject: com.example:my-pdf-db:1.0-SNAPSHOT @ D:\my-pdf-db\pom.xml
[DEBUG]   (f) propertiesEncoding = UTF-8
[DEBUG]   (s) resources = [Resource {targetPath: null, filtering: true, FileSet {directory: D:\my-pdf-db\src\main\resources, PatternSet [includes: {**/application*.yml, **/application*.yaml, **/application*.properties}, excludes: {}]}}, Resource {targetPath: null, filtering: false, FileSet {directory: D:\my-pdf-db\src\main\resources, PatternSet [includes: {}, excludes: {**/application*.yml, **/application*.yaml, **/application*.properties}]}}]
[DEBUG]   (f) session = org.apache.maven.execution.MavenSession@2d64160c
[DEBUG]   (f) skip = false
[DEBUG]   (f) supportMultiLineFiltering = false
[DEBUG]   (f) useBuildFilters = true
[DEBUG]   (s) useDefaultDelimiters = false
[DEBUG] -- end configuration --
[DEBUG] properties used:
[DEBUG] activemq.version: 5.18.3
[DEBUG] angus-mail.version: 2.0.2
[DEBUG] artemis.version: 2.31.2
[DEBUG] aspectj.version: 1.9.21
[DEBUG] assertj.version: 3.24.2
[DEBUG] awaitility.version: 4.2.0
[DEBUG] brave.version: 5.16.0
[DEBUG] build-helper-maven-plugin.version: 3.4.0
[DEBUG] byte-buddy.version: 1.14.12
[DEBUG] cache2k.version: 2.6.1.Final
[DEBUG] caffeine.version: 3.1.8
[DEBUG] cassandra-driver.version: 4.17.0
[DEBUG] classmate.version: 1.6.0
[DEBUG] classworlds.conf: C:\Users\shubh\AppData\Roaming\Code\User\globalStorage\pleiades.java-extension-pack-jdk\maven\latest\bin\m2.conf
[DEBUG] commons-codec.version: 1.16.1
[DEBUG] commons-dbcp2.version: 2.10.0
[DEBUG] commons-lang3.version: 3.13.0
[DEBUG] commons-pool.version: 1.6
[DEBUG] commons-pool2.version: 2.12.0
[DEBUG] couchbase-client.version: 3.4.11
[DEBUG] crac.version: 1.4.0
[DEBUG] db2-jdbc.version: 11.5.9.0
[DEBUG] dependency-management-plugin.version: 1.1.4
[DEBUG] derby.version: 10.16.1.1
[DEBUG] dropwizard-metrics.version: 4.2.25
[DEBUG] ehcache3.version: 3.10.8
[DEBUG] elasticsearch-client.version: 8.10.4
[DEBUG] env.=D:: D:\my-pdf-db
[DEBUG] env.=EXITCODE: 00000000
[DEBUG] env.ALLUSERSPROFILE: C:\ProgramData
[DEBUG] env.APPDATA: C:\Users\shubh\AppData\Roaming
[DEBUG] env.BUNDLED_DEBUGPY_PATH: c:\Users\shubh\.vscode\extensions\ms-python.debugpy-2025.18.0-win32-x64\bundled\libs\debugpy
[DEBUG] env.CHOCOLATEYINSTALL: C:\ProgramData\chocolatey
[DEBUG] env.CHOCOLATEYLASTPATHUPDATE: 134043276203252900
[DEBUG] env.CHROME_CRASHPAD_PIPE_NAME: \\.\pipe\crashpad_8992_DKEEHECVWVCQXGNL
[DEBUG] env.CLASSWORLDS_JAR: "C:\Users\shubh\AppData\Roaming\Code\User\globalStorage\pleiades.java-extension-pack-jdk\maven\latest\boot\plexus-classworlds-2.9.0.jar"
[DEBUG] env.CLASSWORLDS_LAUNCHER: org.codehaus.plexus.classworlds.launcher.Launcher
[DEBUG] env.COLORTERM: truecolor
[DEBUG] env.COMMONPROGRAMFILES: C:\Program Files\Common Files
[DEBUG] env.COMMONPROGRAMFILES(X86): C:\Program Files (x86)\Common Files
[DEBUG] env.COMMONPROGRAMW6432: C:\Program Files\Common Files
[DEBUG] env.COMPUTERNAME: VICTUS
[DEBUG] env.COMSPEC: C:\WINDOWS\system32\cmd.exe
[DEBUG] env.DRIVERDATA: C:\Windows\System32\Drivers\DriverData
[DEBUG] env.EFC_11480_1592913036: 1
[DEBUG] env.ERROR_CODE: 0
[DEBUG] env.EXEC_DIR: D:\my-pdf-db
[DEBUG] env.FPS_BROWSER_APP_PROFILE_STRING: Internet Explorer
[DEBUG] env.FPS_BROWSER_USER_PROFILE_STRING: Default
[DEBUG] env.GIT_ASKPASS: c:\Users\shubh\AppData\Roaming\Code\User\globalStorage\vscode.git\askpass\493597c785d4c5cb\askpass.sh
[DEBUG] env.HOMEDRIVE: C:
[DEBUG] env.HOMEPATH: \Users\shubh
[DEBUG] env.INTERNAL_MAVEN_OPTS: --enable-native-access=ALL-UNNAMED 
[DEBUG] env.JAVACMD: C:\Program Files\Java\jdk-21\bin\java.exe
[DEBUG] env.JAVA_HOME: C:\Program Files\Java\jdk-21
[DEBUG] env.JVMCONFIG: \.mvn\jvm.config
[DEBUG] env.LANG: en_US.UTF-8
[DEBUG] env.LOCALAPPDATA: C:\Users\shubh\AppData\Local
[DEBUG] env.LOGONSERVER: \\VICTUS
[DEBUG] env.MAVEN_CMD_LINE_ARGS: -e -X clean spring-boot:run
[DEBUG] env.MAVEN_HOME: C:\Users\shubh\AppData\Roaming\Code\User\globalStorage\pleiades.java-extension-pack-jdk\maven\latest
[DEBUG] env.MAVEN_PROJECTBASEDIR: D:\my-pdf-db
[DEBUG] env.NUMBER_OF_PROCESSORS: 16
[DEBUG] env.ONEDRIVE: C:\Users\shubh\OneDrive
[DEBUG] env.ONLINESERVICES: Online Services
[DEBUG] env.OPENSSL_CONF: C:\Program Files\PostgreSQL\psqlODBC\etc\openssl.cnf
[DEBUG] env.OS: Windows_NT
[DEBUG] env.PATH: c:\Users\shubh\AppData\Roaming\Code\User\globalStorage\github.copilot-chat\debugCommand;c:\Users\shubh\AppData\Roaming\Code\User\globalStorage\github.copilot-chat\copilotCli;C:\Users\shubh\AppData\Roaming\Code\User\globalStorage\pleiades.java-extension-pack-jdk\gradle\latest\bin;C:\Users\shubh\AppData\Roaming\Code\User\globalStorage\pleiades.java-extension-pack-jdk\maven\latest\bin;C:\Program Files\Java\jdk-21\bin;C:\Users\shubh\AppData\Local\Programs\Microsoft VS Code;C:\Program Files\Common Files\Oracle\Java\javapath;C:\windows\system32;C:\windows;C:\windows\System32\Wbem;C:\windows\System32\WindowsPowerShell\v1.0\;C:\windows\System32\OpenSSH\;C:\Program Files (x86)\NVIDIA Corporation\PhysX\Common;C:\Users\Administrator\AppData\Local\Microsoft\WindowsApps;C:\Program Files\HP\OMEN-Broadcast\Common;C:\Program Files\HP\HP One Agent;C:\msys64\ucrt64;C:\WINDOWS\system32;C:\WINDOWS;C:\WINDOWS\System32\Wbem;C:\WINDOWS\System32\WindowsPowerShell\v1.0\;C:\WINDOWS\System32\OpenSSH\;C:\Program Files\dotnet\;C:\Program Files\NVIDIA Corporation\NVIDIA App\NvDLISR;C:\Program Files\Git\cmd;C:\Program Files\Git\mingw64\bin;C:\Program Files\Git\usr\bin;C:\Program Files\nodejs\;C:\ProgramData\chocolatey\bin;C:\Program Files\Amazon\AWSCLIV2\;C:\Program Files\Java\jdk-21\bin;C:\Program Files (x86)\pcsuite\;C:\Users\shubh\Downloads\apache-maven-3.9.13\bin;;C:\Program Files\Docker\Docker\resources\bin;C:\Program Files\Common Files\Oracle\Java\javapath;C:\windows\system32;C:\windows;C:\windows\System32\Wbem;C:\windows\System32\WindowsPowerShell\v1.0\;C:\windows\System32\OpenSSH\;C:\Program Files (x86)\NVIDIA Corporation\PhysX\Common;C:\Users\Administrator\AppData\Local\Microsoft\WindowsApps;C:\Program Files\HP\OMEN-Broadcast\Common;C:\Program Files\HP\HP One Agent;C:\msys64\ucrt64;C:\WINDOWS\system32;C:\WINDOWS;C:\WINDOWS\System32\Wbem;C:\WINDOWS\System32\WindowsPowerShell\v1.0\;C:\WINDOWS\System32\OpenSSH\;C:\Program Files\dotnet\;C:\Program Files\NVIDIA Corporation\NVIDIA App\NvDLISR;C:\Program Files\Git\cmd;C:\Program Files\Git\mingw64\bin;C:\Program Files\Git\usr\bin;C:\Program Files\nodejs\;C:\ProgramData\chocolatey\bin;C:\Program Files\Amazon\AWSCLIV2\;C:\Program Files\Java\jdk-21\bin;C:\Program Files (x86)\pcsuite\;C:\Program Files\Docker\Docker\resources\bin;C:\Users\shubh\Downloads\apache-maven-3.9.13\bin;C:\Users\shubh\AppData\Local\Programs\Python\Launcher\;C:\windows\system3;C:\Users\shubh\AppData\Local\Programs\Python\Python313\;C:\Users\shubh\AppData\Local\Programs\Python\Python313\Scripts\;C:\msys64\ucrt64\bin;C:\Users\shubh\AppData\Local\Programs\Microsoft VS Code\bin;C:\Users\shubh\AppData\Local\GitHubDesktop\bin;C:\Program Files\PostgreSQL\18\bin;C:\Users\shubh\AppData\Local\Programs\Antigravity\bin;D:\Softwares\Kiro\bin;c:\Users\shubh\.vscode\extensions\vscjava.vscode-java-debug-0.58.5\bundled\scripts\noConfigScriptsc:\Users\shubh\.vscode\extensions\ms-python.debugpy-2025.18.0-win32-x64\bundled\scripts\noConfigScripts
[DEBUG] env.PATHEXT: .COM;.EXE;.BAT;.CMD;.VBS;.VBE;.JS;.JSE;.WSF;.WSH;.MSC
[DEBUG] env.PKG_CONFIG_PATH: C:\gtk4\lib\pkgconfig
[DEBUG] env.PLATFORMCODE: M7
[DEBUG] env.PROCESSOR_ARCHITECTURE: AMD64
[DEBUG] env.PROCESSOR_IDENTIFIER: Intel64 Family 6 Model 186 Stepping 2, GenuineIntel
[DEBUG] env.PROCESSOR_LEVEL: 6
[DEBUG] env.PROCESSOR_REVISION: ba02
[DEBUG] env.PROGRAMDATA: C:\ProgramData
[DEBUG] env.PROGRAMFILES: C:\Program Files
[DEBUG] env.PROGRAMFILES(X86): C:\Program Files (x86)
[DEBUG] env.PROGRAMW6432: C:\Program Files
[DEBUG] env.PROMPT: $P$G
[DEBUG] env.PSMODULEPATH: C:\Program Files\WindowsPowerShell\Modules;C:\WINDOWS\system32\WindowsPowerShell\v1.0\Modules
[DEBUG] env.PUBLIC: C:\Users\Public
[DEBUG] env.PYDEVD_DISABLE_FILE_VALIDATION: 1
[DEBUG] env.PYTHONSTARTUP: c:\Users\shubh\AppData\Roaming\Code\User\workspaceStorage\f6f5442d03e491822227dae330a04163\ms-python.python\pythonrc.py
[DEBUG] env.PYTHON_BASIC_REPL: 1
[DEBUG] env.REGIONCODE: APJ
[DEBUG] env.SESSIONNAME: Console
[DEBUG] env.SYSTEMDRIVE: C:
[DEBUG] env.SYSTEMROOT: C:\WINDOWS
[DEBUG] env.TEMP: C:\Users\shubh\AppData\Local\Temp
[DEBUG] env.TERM_PROGRAM: vscode
[DEBUG] env.TERM_PROGRAM_VERSION: 1.114.0
[DEBUG] env.TMP: C:\Users\shubh\AppData\Local\Temp
[DEBUG] env.USERDOMAIN: VICTUS
[DEBUG] env.USERDOMAIN_ROAMINGPROFILE: VICTUS
[DEBUG] env.USERNAME: shubh
[DEBUG] env.USERPROFILE: C:\Users\shubh
[DEBUG] env.VSCODE_DEBUGPY_ADAPTER_ENDPOINTS: c:\Users\shubh\.vscode\extensions\ms-python.debugpy-2025.18.0-win32-x64\.noConfigDebugAdapterEndpoints\endpoint-1c1df876a8ef2ea9.txt
[DEBUG] env.VSCODE_GIT_ASKPASS_EXTRA_ARGS: 
[DEBUG] env.VSCODE_GIT_ASKPASS_MAIN: c:\Users\shubh\AppData\Roaming\Code\User\globalStorage\vscode.git\askpass\493597c785d4c5cb\askpass-main.js
[DEBUG] env.VSCODE_GIT_ASKPASS_NODE: C:\Users\shubh\AppData\Local\Programs\Microsoft VS Code\Code.exe
[DEBUG] env.VSCODE_GIT_IPC_HANDLE: \\.\pipe\vscode-git-3ce0f47acc-sock
[DEBUG] env.VSCODE_JAVA_EXEC: C:\Users\shubh\AppData\Roaming\Code\User\globalStorage\pleiades.java-extension-pack-jdk\java\17\bin\java
[DEBUG] env.VSCODE_JDWP_ADAPTER_ENDPOINTS: c:\Users\shubh\.vscode\extensions\vscjava.vscode-java-debug-0.58.5\.noConfigDebugAdapterEndpoints\endpoint-1c1df876a8ef2ea9.txt
[DEBUG] env.VSCODE_NONCE: d26e0838-770c-46af-b63a-4f468cf98b0b
[DEBUG] env.WDIR: D:\
[DEBUG] env.WINDIR: C:\WINDOWS
[DEBUG] env.ZES_ENABLE_SYSMAN: 1
[DEBUG] file.encoding: UTF-8
[DEBUG] file.separator: \
[DEBUG] flyway.version: 9.22.3
[DEBUG] freemarker.version: 2.3.32
[DEBUG] git-commit-id-maven-plugin.version: 6.0.0
[DEBUG] glassfish-jaxb.version: 4.0.4
[DEBUG] glassfish-jstl.version: 3.0.1
[DEBUG] graphql-java.version: 21.3
[DEBUG] groovy.version: 4.0.18
[DEBUG] gson.version: 2.10.1
[DEBUG] h2.version: 2.2.224
[DEBUG] hamcrest.version: 2.2
[DEBUG] hazelcast.version: 5.3.6
[DEBUG] hibernate-validator.version: 8.0.1.Final
[DEBUG] hibernate.version: 6.4.4.Final
[DEBUG] hikaricp.version: 5.0.1
[DEBUG] hsqldb.version: 2.7.2
[DEBUG] htmlunit.version: 2.70.0
[DEBUG] httpasyncclient.version: 4.1.5
[DEBUG] httpclient5.version: 5.2.3
[DEBUG] httpcore.version: 4.4.16
[DEBUG] httpcore5.version: 5.2.4
[DEBUG] infinispan.version: 14.0.24.Final
[DEBUG] influxdb-java.version: 2.23
[DEBUG] jackson-bom.version: 2.15.4
[DEBUG] jakarta-activation.version: 2.1.2
[DEBUG] jakarta-annotation.version: 2.1.1
[DEBUG] jakarta-jms.version: 3.1.0
[DEBUG] jakarta-json-bind.version: 3.0.0
[DEBUG] jakarta-json.version: 2.1.3
[DEBUG] jakarta-mail.version: 2.1.2
[DEBUG] jakarta-management.version: 1.1.4
[DEBUG] jakarta-persistence.version: 3.1.0
[DEBUG] jakarta-servlet-jsp-jstl.version: 3.0.0
[DEBUG] jakarta-servlet.version: 6.0.0
[DEBUG] jakarta-transaction.version: 2.0.1
[DEBUG] jakarta-validation.version: 3.0.2
[DEBUG] jakarta-websocket.version: 2.1.1
[DEBUG] jakarta-ws-rs.version: 3.1.0
[DEBUG] jakarta-xml-bind.version: 4.0.1
[DEBUG] jakarta-xml-soap.version: 3.0.1
[DEBUG] jakarta-xml-ws.version: 4.0.1
[DEBUG] janino.version: 3.1.12
[DEBUG] java.class.path: C:\Users\shubh\AppData\Roaming\Code\User\globalStorage\pleiades.java-extension-pack-jdk\maven\latest\boot\plexus-classworlds-2.9.0.jar
[DEBUG] java.class.version: 65.0
[DEBUG] java.home: C:\Program Files\Java\jdk-21
[DEBUG] java.io.tmpdir: C:\Users\shubh\AppData\Local\Temp\
[DEBUG] java.library.path: C:\Program Files\Java\jdk-21\bin;C:\WINDOWS\Sun\Java\bin;C:\WINDOWS\system32;C:\WINDOWS;c:\Users\shubh\AppData\Roaming\Code\User\globalStorage\github.copilot-chat\debugCommand;c:\Users\shubh\AppData\Roaming\Code\User\globalStorage\github.copilot-chat\copilotCli;C:\Users\shubh\AppData\Roaming\Code\User\globalStorage\pleiades.java-extension-pack-jdk\gradle\latest\bin;C:\Users\shubh\AppData\Roaming\Code\User\globalStorage\pleiades.java-extension-pack-jdk\maven\latest\bin;C:\Program Files\Java\jdk-21\bin;C:\Users\shubh\AppData\Local\Programs\Microsoft VS Code;C:\Program Files\Common Files\Oracle\Java\javapath;C:\windows\system32;C:\windows;C:\windows\System32\Wbem;C:\windows\System32\WindowsPowerShell\v1.0\;C:\windows\System32\OpenSSH\;C:\Program Files (x86)\NVIDIA Corporation\PhysX\Common;C:\Users\Administrator\AppData\Local\Microsoft\WindowsApps;C:\Program Files\HP\OMEN-Broadcast\Common;C:\Program Files\HP\HP One Agent;C:\msys64\ucrt64;C:\WINDOWS\system32;C:\WINDOWS;C:\WINDOWS\System32\Wbem;C:\WINDOWS\System32\WindowsPowerShell\v1.0\;C:\WINDOWS\System32\OpenSSH\;C:\Program Files\dotnet\;C:\Program Files\NVIDIA Corporation\NVIDIA App\NvDLISR;C:\Program Files\Git\cmd;C:\Program Files\Git\mingw64\bin;C:\Program Files\Git\usr\bin;C:\Program Files\nodejs\;C:\ProgramData\chocolatey\bin;C:\Program Files\Amazon\AWSCLIV2\;C:\Program Files\Java\jdk-21\bin;C:\Program Files (x86)\pcsuite\;C:\Users\shubh\Downloads\apache-maven-3.9.13\bin;;C:\Program Files\Docker\Docker\resources\bin;C:\Program Files\Common Files\Oracle\Java\javapath;C:\windows\system32;C:\windows;C:\windows\System32\Wbem;C:\windows\System32\WindowsPowerShell\v1.0\;C:\windows\System32\OpenSSH\;C:\Program Files (x86)\NVIDIA Corporation\PhysX\Common;C:\Users\Administrator\AppData\Local\Microsoft\WindowsApps;C:\Program Files\HP\OMEN-Broadcast\Common;C:\Program Files\HP\HP One Agent;C:\msys64\ucrt64;C:\WINDOWS\system32;C:\WINDOWS;C:\WINDOWS\System32\Wbem;C:\WINDOWS\System32\WindowsPowerShell\v1.0\;C:\WINDOWS\System32\OpenSSH\;C:\Program Files\dotnet\;C:\Program Files\NVIDIA Corporation\NVIDIA App\NvDLISR;C:\Program Files\Git\cmd;C:\Program Files\Git\mingw64\bin;C:\Program Files\Git\usr\bin;C:\Program Files\nodejs\;C:\ProgramData\chocolatey\bin;C:\Program Files\Amazon\AWSCLIV2\;C:\Program Files\Java\jdk-21\bin;C:\Program Files (x86)\pcsuite\;C:\Program Files\Docker\Docker\resources\bin;C:\Users\shubh\Downloads\apache-maven-3.9.13\bin;C:\Users\shubh\AppData\Local\Programs\Python\Launcher\;C:\windows\system3;C:\Users\shubh\AppData\Local\Programs\Python\Python313\;C:\Users\shubh\AppData\Local\Programs\Python\Python313\Scripts\;C:\msys64\ucrt64\bin;C:\Users\shubh\AppData\Local\Programs\Microsoft VS Code\bin;C:\Users\shubh\AppData\Local\GitHubDesktop\bin;C:\Program Files\PostgreSQL\18\bin;C:\Users\shubh\AppData\Local\Programs\Antigravity\bin;D:\Softwares\Kiro\bin;c:\Users\shubh\.vscode\extensions\vscjava.vscode-java-debug-0.58.5\bundled\scripts\noConfigScriptsc:\Users\shubh\.vscode\extensions\ms-python.debugpy-2025.18.0-win32-x64\bundled\scripts\noConfigScripts;.
[DEBUG] java.runtime.name: Java(TM) SE Runtime Environment
[DEBUG] java.runtime.version: 21.0.9+7-LTS-338
[DEBUG] java.specification.name: Java Platform API Specification
[DEBUG] java.specification.vendor: Oracle Corporation
[DEBUG] java.specification.version: 21
[DEBUG] java.vendor: Oracle Corporation
[DEBUG] java.vendor.url: https://java.oracle.com/
[DEBUG] java.vendor.url.bug: https://bugreport.java.com/bugreport/
[DEBUG] java.version: 21.0.9
[DEBUG] java.version.date: 2025-10-21
[DEBUG] java.vm.compressedOopsMode: Zero based
[DEBUG] java.vm.info: mixed mode, sharing
[DEBUG] java.vm.name: Java HotSpot(TM) 64-Bit Server VM
[DEBUG] java.vm.specification.name: Java Virtual Machine Specification
[DEBUG] java.vm.specification.vendor: Oracle Corporation
[DEBUG] java.vm.specification.version: 21
[DEBUG] java.vm.vendor: Oracle Corporation
[DEBUG] java.vm.version: 21.0.9+7-LTS-338
[DEBUG] javax-cache.version: 1.1.1
[DEBUG] javax-money.version: 1.1
[DEBUG] jaxen.version: 2.0.0
[DEBUG] jaybird.version: 5.0.3.java11
[DEBUG] jboss-logging.version: 3.5.3.Final
[DEBUG] jdk.debug: release
[DEBUG] jdom2.version: 2.0.6.1
[DEBUG] jedis.version: 5.0.2
[DEBUG] jersey.version: 3.1.5
[DEBUG] jetty-reactive-httpclient.version: 4.0.3
[DEBUG] jetty.version: 12.0.6
[DEBUG] jmustache.version: 1.15
[DEBUG] jooq.version: 3.18.11
[DEBUG] json-path.version: 2.9.0
[DEBUG] json-smart.version: 2.5.0
[DEBUG] jsonassert.version: 1.5.1
[DEBUG] jtds.version: 1.3.1
[DEBUG] junit-jupiter.version: 5.10.2
[DEBUG] junit.version: 4.13.2
[DEBUG] kafka.version: 3.6.1
[DEBUG] kotlin-coroutines.version: 1.7.3
[DEBUG] kotlin-serialization.version: 1.6.3
[DEBUG] kotlin.version: 1.9.22
[DEBUG] lettuce.version: 6.3.1.RELEASE
[DEBUG] library.jansi.path: C:\Users\shubh\AppData\Roaming\Code\User\globalStorage\pleiades.java-extension-pack-jdk\maven\latest\lib\jansi-native
[DEBUG] line.separator: 

[DEBUG] liquibase.version: 4.24.0
[DEBUG] log4j2.version: 2.21.1
[DEBUG] logback.version: 1.4.14
[DEBUG] lombok.version: 1.18.30
[DEBUG] mariadb.version: 3.3.3
[DEBUG] maven-antrun-plugin.version: 3.1.0
[DEBUG] maven-assembly-plugin.version: 3.6.0
[DEBUG] maven-clean-plugin.version: 3.3.2
[DEBUG] maven-compiler-plugin.version: 3.11.0
[DEBUG] maven-dependency-plugin.version: 3.6.1
[DEBUG] maven-deploy-plugin.version: 3.1.1
[DEBUG] maven-enforcer-plugin.version: 3.4.1
[DEBUG] maven-failsafe-plugin.version: 3.1.2
[DEBUG] maven-help-plugin.version: 3.4.0
[DEBUG] maven-install-plugin.version: 3.1.1
[DEBUG] maven-invoker-plugin.version: 3.6.0
[DEBUG] maven-jar-plugin.version: 3.3.0
[DEBUG] maven-javadoc-plugin.version: 3.6.3
[DEBUG] maven-resources-plugin.version: 3.3.1
[DEBUG] maven-shade-plugin.version: 3.5.2
[DEBUG] maven-source-plugin.version: 3.3.0
[DEBUG] maven-surefire-plugin.version: 3.1.2
[DEBUG] maven-war-plugin.version: 3.4.0
[DEBUG] maven.build.timestamp: 2026-04-05T19:10:16Z
[DEBUG] maven.build.version: Apache Maven 3.9.14 (996c630dbc656c76214ce58821dcc58be960875b)
[DEBUG] maven.compiler.release: 21
[DEBUG] maven.conf: C:\Users\shubh\AppData\Roaming\Code\User\globalStorage\pleiades.java-extension-pack-jdk\maven\latest/conf
[DEBUG] maven.home: C:\Users\shubh\AppData\Roaming\Code\User\globalStorage\pleiades.java-extension-pack-jdk\maven\latest
[DEBUG] maven.multiModuleProjectDirectory: D:\my-pdf-db
[DEBUG] maven.version: 3.9.14
[DEBUG] micrometer-tracing.version: 1.2.3
[DEBUG] micrometer.version: 1.12.3
[DEBUG] mockito.version: 5.7.0
[DEBUG] mongodb.version: 4.11.1
[DEBUG] mssql-jdbc.version: 12.4.2.jre11
[DEBUG] mysql.version: 8.3.0
[DEBUG] native-build-tools-plugin.version: 0.9.28
[DEBUG] native.encoding: UTF-8
[DEBUG] nekohtml.version: 1.9.22
[DEBUG] neo4j-java-driver.version: 5.17.0
[DEBUG] netty.version: 4.1.107.Final
[DEBUG] okhttp.version: 4.12.0
[DEBUG] opentelemetry.version: 1.31.0
[DEBUG] oracle-database.version: 21.9.0.0
[DEBUG] oracle-r2dbc.version: 1.1.1
[DEBUG] os.arch: amd64
[DEBUG] os.name: Windows 11
[DEBUG] os.version: 10.0
[DEBUG] path.separator: ;
[DEBUG] pooled-jms.version: 3.1.5
[DEBUG] postgresql.version: 42.6.1
[DEBUG] project.baseUri: file:/D:/my-pdf-db/
[DEBUG] project.build.sourceEncoding: UTF-8
[DEBUG] project.reporting.outputEncoding: UTF-8
[DEBUG] prometheus-client.version: 0.16.0
[DEBUG] pulsar-reactive.version: 0.5.3
[DEBUG] pulsar.version: 3.1.2
[DEBUG] quartz.version: 2.3.2
[DEBUG] querydsl.version: 5.0.0
[DEBUG] r2dbc-h2.version: 1.0.0.RELEASE
[DEBUG] r2dbc-mariadb.version: 1.1.4
[DEBUG] r2dbc-mssql.version: 1.0.2.RELEASE
[DEBUG] r2dbc-mysql.version: 1.0.6
[DEBUG] r2dbc-pool.version: 1.0.1.RELEASE
[DEBUG] r2dbc-postgresql.version: 1.0.4.RELEASE
[DEBUG] r2dbc-proxy.version: 1.1.4.RELEASE
[DEBUG] r2dbc-spi.version: 1.0.0.RELEASE
[DEBUG] rabbit-amqp-client.version: 5.19.0
[DEBUG] rabbit-stream-client.version: 0.14.0
[DEBUG] reactive-streams.version: 1.0.4
[DEBUG] reactor-bom.version: 2023.0.3
[DEBUG] resource.delimiter: @
[DEBUG] rest-assured.version: 5.3.2
[DEBUG] rsocket.version: 1.1.3
[DEBUG] rxjava3.version: 3.1.8
[DEBUG] saaj-impl.version: 3.0.3
[DEBUG] selenium-htmlunit.version: 4.13.0
[DEBUG] selenium.version: 4.14.1
[DEBUG] sendgrid.version: 4.9.3
[DEBUG] slf4j.version: 2.0.12
[DEBUG] snakeyaml.version: 2.2
[DEBUG] spring-amqp.version: 3.1.2
[DEBUG] spring-authorization-server.version: 1.2.2
[DEBUG] spring-batch.version: 5.1.1
[DEBUG] spring-data-bom.version: 2023.1.3
[DEBUG] spring-framework.version: 6.1.4
[DEBUG] spring-graphql.version: 1.2.5
[DEBUG] spring-hateoas.version: 2.2.0
[DEBUG] spring-integration.version: 6.2.2
[DEBUG] spring-kafka.version: 3.1.2
[DEBUG] spring-ldap.version: 3.2.2
[DEBUG] spring-pulsar.version: 1.0.3
[DEBUG] spring-restdocs.version: 3.0.1
[DEBUG] spring-retry.version: 2.0.5
[DEBUG] spring-security.version: 6.2.2
[DEBUG] spring-session.version: 3.2.1
[DEBUG] spring-ws.version: 4.0.10
[DEBUG] sqlite-jdbc.version: 3.43.2.0
[DEBUG] stderr.encoding: UTF-8
[DEBUG] stdout.encoding: UTF-8
[DEBUG] sun.arch.data.model: 64
[DEBUG] sun.boot.library.path: C:\Program Files\Java\jdk-21\bin
[DEBUG] sun.cpu.endian: little
[DEBUG] sun.cpu.isalist: amd64
[DEBUG] sun.io.unicode.encoding: UnicodeLittle
[DEBUG] sun.java.command: org.codehaus.plexus.classworlds.launcher.Launcher -e -X clean spring-boot:run
[DEBUG] sun.java.launcher: SUN_STANDARD
[DEBUG] sun.jnu.encoding: UTF-8
[DEBUG] sun.management.compiler: HotSpot 64-Bit Tiered Compilers
[DEBUG] sun.os.patch.level: 
[DEBUG] testcontainers.version: 1.19.5
[DEBUG] thymeleaf-extras-data-attribute.version: 2.0.1
[DEBUG] thymeleaf-extras-springsecurity.version: 3.1.2.RELEASE
[DEBUG] thymeleaf-layout-dialect.version: 3.3.0
[DEBUG] thymeleaf.version: 3.1.2.RELEASE
[DEBUG] tomcat.version: 10.1.19
[DEBUG] unboundid-ldapsdk.version: 6.0.11
[DEBUG] undertow.version: 2.3.12.Final
[DEBUG] user.country: IN
[DEBUG] user.dir: D:\my-pdf-db
[DEBUG] user.home: C:\Users\shubh
[DEBUG] user.language: en
[DEBUG] user.name: shubh
[DEBUG] user.script: 
[DEBUG] user.variant: 
[DEBUG] versions-maven-plugin.version: 2.16.2
[DEBUG] webjars-locator-core.version: 0.55
[DEBUG] wsdl4j.version: 1.6.3
[DEBUG] xml-maven-plugin.version: 1.1.0
[DEBUG] xmlunit2.version: 2.9.1
[DEBUG] yasson.version: 3.0.3
[DEBUG] Using 'UTF-8' encoding to copy filtered resources.
[DEBUG] Using 'UTF-8' encoding to copy filtered properties files.
[DEBUG] resource with targetPath null
directory D:\my-pdf-db\src\main\resources
excludes []
includes [**/application*.yml, **/application*.yaml, **/application*.properties]
[DEBUG] ignoreDelta true
[INFO] Copying 1 resource from src\main\resources to target\classes
[DEBUG] Copying file application.properties
[DEBUG] file application.properties has a filtered file extension
[DEBUG] Using 'UTF-8' encoding to copy filtered resource 'application.properties'.
[DEBUG] filtering D:\my-pdf-db\src\main\resources\application.properties to D:\my-pdf-db\target\classes\application.properties
[DEBUG] resource with targetPath null
directory D:\my-pdf-db\src\main\resources
excludes [**/application*.yml, **/application*.yaml, **/application*.properties]
includes []
[DEBUG] ignoreDelta true
[INFO] Copying 0 resource from src\main\resources to target\classes
[DEBUG] no user filter components
[INFO] 
[INFO] --- compiler:3.11.0:compile (default-compile) @ my-pdf-db ---
[DEBUG] Dependency collection stats {ConflictMarker.analyzeTime=29700, ConflictMarker.markTime=16800, ConflictMarker.nodeCount=17, ConflictIdSorter.graphTime=10200, ConflictIdSorter.topsortTime=10200, ConflictIdSorter.conflictIdCount=12, ConflictIdSorter.conflictIdCycleCount=0, ConflictResolver.totalTime=129200, ConflictResolver.conflictItemCount=17, DfDependencyCollector.collectTime=74365100, DfDependencyCollector.transformTime=212500}
[DEBUG] org.apache.maven.plugins:maven-compiler-plugin:jar:3.11.0
[DEBUG]    org.apache.maven.shared:maven-shared-utils:jar:3.3.4:compile
[DEBUG]       commons-io:commons-io:jar:2.6:compile
[DEBUG]    org.apache.maven.shared:maven-shared-incremental:jar:1.1:compile
[DEBUG]       org.codehaus.plexus:plexus-component-annotations:jar:1.5.5:compile
[DEBUG]    org.codehaus.plexus:plexus-java:jar:1.1.2:compile
[DEBUG]       org.ow2.asm:asm:jar:9.4:compile
[DEBUG]       com.thoughtworks.qdox:qdox:jar:2.0.3:compile (version managed from default)
[DEBUG]    org.codehaus.plexus:plexus-compiler-api:jar:2.13.0:compile
[DEBUG]       org.codehaus.plexus:plexus-utils:jar:3.5.0:compile (version managed from default)
[DEBUG]    org.codehaus.plexus:plexus-compiler-manager:jar:2.13.0:compile
[DEBUG]    org.codehaus.plexus:plexus-compiler-javac:jar:2.13.0:runtime
[DEBUG] Created new class realm plugin>org.apache.maven.plugins:maven-compiler-plugin:3.11.0
[DEBUG] Importing foreign packages into class realm plugin>org.apache.maven.plugins:maven-compiler-plugin:3.11.0
[DEBUG]   Imported:  < maven.api
[DEBUG] Populating class realm plugin>org.apache.maven.plugins:maven-compiler-plugin:3.11.0
[DEBUG]   Included: org.apache.maven.plugins:maven-compiler-plugin:jar:3.11.0
[DEBUG]   Included: org.apache.maven.shared:maven-shared-utils:jar:3.3.4
[DEBUG]   Included: commons-io:commons-io:jar:2.6
[DEBUG]   Included: org.apache.maven.shared:maven-shared-incremental:jar:1.1
[DEBUG]   Included: org.codehaus.plexus:plexus-component-annotations:jar:1.5.5
[DEBUG]   Included: org.codehaus.plexus:plexus-java:jar:1.1.2
[DEBUG]   Included: org.ow2.asm:asm:jar:9.4
[DEBUG]   Included: com.thoughtworks.qdox:qdox:jar:2.0.3
[DEBUG]   Included: org.codehaus.plexus:plexus-compiler-api:jar:2.13.0
[DEBUG]   Included: org.codehaus.plexus:plexus-utils:jar:3.5.0
[DEBUG]   Included: org.codehaus.plexus:plexus-compiler-manager:jar:2.13.0
[DEBUG]   Included: org.codehaus.plexus:plexus-compiler-javac:jar:2.13.0
[DEBUG] Loading mojo org.apache.maven.plugins:maven-compiler-plugin:3.11.0:compile from plugin realm ClassRealm[plugin>org.apache.maven.plugins:maven-compiler-plugin:3.11.0, parent: jdk.internal.loader.ClassLoaders$AppClassLoader@5c647e05]
[DEBUG] Configuring mojo execution 'org.apache.maven.plugins:maven-compiler-plugin:3.11.0:compile:default-compile' with basic configurator -->
[DEBUG]   (f) basedir = D:\my-pdf-db
[DEBUG]   (f) buildDirectory = D:\my-pdf-db\target
[DEBUG]   (f) compilePath = [D:\my-pdf-db\target\classes, C:\Users\shubh\.m2\repository\org\springframework\boot\spring-boot-starter-actuator\3.2.3\spring-boot-starter-actuator-3.2.3.jar, C:\Users\shubh\.m2\repository\org\springframework\boot\spring-boot-starter\3.2.3\spring-boot-starter-3.2.3.jar, C:\Users\shubh\.m2\repository\org\springframework\boot\spring-boot\3.2.3\spring-boot-3.2.3.jar, C:\Users\shubh\.m2\repository\org\springframework\boot\spring-boot-autoconfigure\3.2.3\spring-boot-autoconfigure-3.2.3.jar, C:\Users\shubh\.m2\repository\org\springframework\boot\spring-boot-starter-logging\3.2.3\spring-boot-starter-logging-3.2.3.jar, C:\Users\shubh\.m2\repository\ch\qos\logback\logback-classic\1.4.14\logback-classic-1.4.14.jar, C:\Users\shubh\.m2\repository\ch\qos\logback\logback-core\1.4.14\logback-core-1.4.14.jar, C:\Users\shubh\.m2\repository\org\apache\logging\log4j\log4j-to-slf4j\2.21.1\log4j-to-slf4j-2.21.1.jar, C:\Users\shubh\.m2\repository\org\apache\logging\log4j\log4j-api\2.21.1\log4j-api-2.21.1.jar, C:\Users\shubh\.m2\repository\org\slf4j\jul-to-slf4j\2.0.12\jul-to-slf4j-2.0.12.jar, C:\Users\shubh\.m2\repository\jakarta\annotation\jakarta.annotation-api\2.1.1\jakarta.annotation-api-2.1.1.jar, C:\Users\shubh\.m2\repository\org\springframework\spring-core\6.1.4\spring-core-6.1.4.jar, C:\Users\shubh\.m2\repository\org\springframework\spring-jcl\6.1.4\spring-jcl-6.1.4.jar, C:\Users\shubh\.m2\repository\org\yaml\snakeyaml\2.2\snakeyaml-2.2.jar, C:\Users\shubh\.m2\repository\org\springframework\boot\spring-boot-actuator-autoconfigure\3.2.3\spring-boot-actuator-autoconfigure-3.2.3.jar, C:\Users\shubh\.m2\repository\org\springframework\boot\spring-boot-actuator\3.2.3\spring-boot-actuator-3.2.3.jar, C:\Users\shubh\.m2\repository\com\fasterxml\jackson\core\jackson-databind\2.15.4\jackson-databind-2.15.4.jar, C:\Users\shubh\.m2\repository\com\fasterxml\jackson\core\jackson-annotations\2.15.4\jackson-annotations-2.15.4.jar, C:\Users\shubh\.m2\repository\com\fasterxml\jackson\core\jackson-core\2.15.4\jackson-core-2.15.4.jar, C:\Users\shubh\.m2\repository\com\fasterxml\jackson\datatype\jackson-datatype-jsr310\2.15.4\jackson-datatype-jsr310-2.15.4.jar, C:\Users\shubh\.m2\repository\io\micrometer\micrometer-observation\1.12.3\micrometer-observation-1.12.3.jar, C:\Users\shubh\.m2\repository\io\micrometer\micrometer-commons\1.12.3\micrometer-commons-1.12.3.jar, C:\Users\shubh\.m2\repository\io\micrometer\micrometer-jakarta9\1.12.3\micrometer-jakarta9-1.12.3.jar, C:\Users\shubh\.m2\repository\io\micrometer\micrometer-core\1.12.3\micrometer-core-1.12.3.jar, C:\Users\shubh\.m2\repository\org\springframework\boot\spring-boot-starter-data-jpa\3.2.3\spring-boot-starter-data-jpa-3.2.3.jar, C:\Users\shubh\.m2\repository\org\springframework\boot\spring-boot-starter-aop\3.2.3\spring-boot-starter-aop-3.2.3.jar, C:\Users\shubh\.m2\repository\org\aspectj\aspectjweaver\1.9.21\aspectjweaver-1.9.21.jar, C:\Users\shubh\.m2\repository\org\springframework\boot\spring-boot-starter-jdbc\3.2.3\spring-boot-starter-jdbc-3.2.3.jar, C:\Users\shubh\.m2\repository\com\zaxxer\HikariCP\5.0.1\HikariCP-5.0.1.jar, C:\Users\shubh\.m2\repository\org\springframework\spring-jdbc\6.1.4\spring-jdbc-6.1.4.jar, C:\Users\shubh\.m2\repository\org\hibernate\orm\hibernate-core\6.4.4.Final\hibernate-core-6.4.4.Final.jar, C:\Users\shubh\.m2\repository\jakarta\persistence\jakarta.persistence-api\3.1.0\jakarta.persistence-api-3.1.0.jar, C:\Users\shubh\.m2\repository\jakarta\transaction\jakarta.transaction-api\2.0.1\jakarta.transaction-api-2.0.1.jar, C:\Users\shubh\.m2\repository\org\antlr\antlr4-runtime\4.13.0\antlr4-runtime-4.13.0.jar, C:\Users\shubh\.m2\repository\org\springframework\data\spring-data-jpa\3.2.3\spring-data-jpa-3.2.3.jar, C:\Users\shubh\.m2\repository\org\springframework\data\spring-data-commons\3.2.3\spring-data-commons-3.2.3.jar, C:\Users\shubh\.m2\repository\org\springframework\spring-orm\6.1.4\spring-orm-6.1.4.jar, C:\Users\shubh\.m2\repository\org\springframework\spring-context\6.1.4\spring-context-6.1.4.jar, C:\Users\shubh\.m2\repository\org\springframework\spring-tx\6.1.4\spring-tx-6.1.4.jar, C:\Users\shubh\.m2\repository\org\springframework\spring-beans\6.1.4\spring-beans-6.1.4.jar, C:\Users\shubh\.m2\repository\org\springframework\spring-aspects\6.1.4\spring-aspects-6.1.4.jar, C:\Users\shubh\.m2\repository\org\springframework\boot\spring-boot-starter-web\3.2.3\spring-boot-starter-web-3.2.3.jar, C:\Users\shubh\.m2\repository\org\springframework\boot\spring-boot-starter-json\3.2.3\spring-boot-starter-json-3.2.3.jar, C:\Users\shubh\.m2\repository\com\fasterxml\jackson\datatype\jackson-datatype-jdk8\2.15.4\jackson-datatype-jdk8-2.15.4.jar, C:\Users\shubh\.m2\repository\com\fasterxml\jackson\module\jackson-module-parameter-names\2.15.4\jackson-module-parameter-names-2.15.4.jar, C:\Users\shubh\.m2\repository\org\springframework\boot\spring-boot-starter-tomcat\3.2.3\spring-boot-starter-tomcat-3.2.3.jar, C:\Users\shubh\.m2\repository\org\apache\tomcat\embed\tomcat-embed-core\10.1.19\tomcat-embed-core-10.1.19.jar, C:\Users\shubh\.m2\repository\org\apache\tomcat\embed\tomcat-embed-el\10.1.19\tomcat-embed-el-10.1.19.jar, C:\Users\shubh\.m2\repository\org\apache\tomcat\embed\tomcat-embed-websocket\10.1.19\tomcat-embed-websocket-10.1.19.jar, C:\Users\shubh\.m2\repository\org\springframework\spring-web\6.1.4\spring-web-6.1.4.jar, C:\Users\shubh\.m2\repository\org\springframework\spring-webmvc\6.1.4\spring-webmvc-6.1.4.jar, C:\Users\shubh\.m2\repository\org\springframework\spring-expression\6.1.4\spring-expression-6.1.4.jar, C:\Users\shubh\.m2\repository\org\springframework\boot\spring-boot-starter-thymeleaf\3.2.3\spring-boot-starter-thymeleaf-3.2.3.jar, C:\Users\shubh\.m2\repository\org\thymeleaf\thymeleaf-spring6\3.1.2.RELEASE\thymeleaf-spring6-3.1.2.RELEASE.jar, C:\Users\shubh\.m2\repository\org\thymeleaf\thymeleaf\3.1.2.RELEASE\thymeleaf-3.1.2.RELEASE.jar, C:\Users\shubh\.m2\repository\org\attoparser\attoparser\2.0.7.RELEASE\attoparser-2.0.7.RELEASE.jar, C:\Users\shubh\.m2\repository\org\unbescape\unbescape\1.1.6.RELEASE\unbescape-1.1.6.RELEASE.jar, C:\Users\shubh\.m2\repository\org\springframework\boot\spring-boot-starter-security\3.2.3\spring-boot-starter-security-3.2.3.jar, C:\Users\shubh\.m2\repository\org\springframework\spring-aop\6.1.4\spring-aop-6.1.4.jar, C:\Users\shubh\.m2\repository\org\springframework\security\spring-security-config\6.2.2\spring-security-config-6.2.2.jar, C:\Users\shubh\.m2\repository\org\springframework\security\spring-security-web\6.2.2\spring-security-web-6.2.2.jar, C:\Users\shubh\.m2\repository\org\springframework\boot\spring-boot-starter-oauth2-client\3.2.3\spring-boot-starter-oauth2-client-3.2.3.jar, C:\Users\shubh\.m2\repository\org\springframework\security\spring-security-core\6.2.2\spring-security-core-6.2.2.jar, C:\Users\shubh\.m2\repository\org\springframework\security\spring-security-crypto\6.2.2\spring-security-crypto-6.2.2.jar, C:\Users\shubh\.m2\repository\org\springframework\security\spring-security-oauth2-client\6.2.2\spring-security-oauth2-client-6.2.2.jar, C:\Users\shubh\.m2\repository\org\springframework\security\spring-security-oauth2-core\6.2.2\spring-security-oauth2-core-6.2.2.jar, C:\Users\shubh\.m2\repository\com\nimbusds\oauth2-oidc-sdk\9.43.3\oauth2-oidc-sdk-9.43.3.jar, C:\Users\shubh\.m2\repository\com\github\stephenc\jcip\jcip-annotations\1.0-1\jcip-annotations-1.0-1.jar, C:\Users\shubh\.m2\repository\com\nimbusds\content-type\2.2\content-type-2.2.jar, C:\Users\shubh\.m2\repository\net\minidev\json-smart\2.5.0\json-smart-2.5.0.jar, C:\Users\shubh\.m2\repository\net\minidev\accessors-smart\2.5.0\accessors-smart-2.5.0.jar, C:\Users\shubh\.m2\repository\org\ow2\asm\asm\9.3\asm-9.3.jar, C:\Users\shubh\.m2\repository\com\nimbusds\lang-tag\1.7\lang-tag-1.7.jar, C:\Users\shubh\.m2\repository\org\springframework\security\spring-security-oauth2-jose\6.2.2\spring-security-oauth2-jose-6.2.2.jar, C:\Users\shubh\.m2\repository\com\nimbusds\nimbus-jose-jwt\9.24.4\nimbus-jose-jwt-9.24.4.jar, C:\Users\shubh\.m2\repository\org\thymeleaf\extras\thymeleaf-extras-springsecurity6\3.1.2.RELEASE\thymeleaf-extras-springsecurity6-3.1.2.RELEASE.jar, C:\Users\shubh\.m2\repository\org\slf4j\slf4j-api\2.0.12\slf4j-api-2.0.12.jar, C:\Users\shubh\.m2\repository\org\apache\pdfbox\pdfbox\2.0.30\pdfbox-2.0.30.jar, C:\Users\shubh\.m2\repository\org\apache\pdfbox\fontbox\2.0.30\fontbox-2.0.30.jar, C:\Users\shubh\.m2\repository\commons-logging\commons-logging\1.2\commons-logging-1.2.jar, C:\Users\shubh\.m2\repository\org\json\json\20231013\json-20231013.jar]
[DEBUG]   (f) compileSourceRoots = [D:\my-pdf-db\src\main\java]
[DEBUG]   (f) compilerId = javac
[DEBUG]   (f) createMissingPackageInfoClass = true
[DEBUG]   (f) debug = true
[DEBUG]   (f) debugFileName = javac
[DEBUG]   (f) enablePreview = false
[DEBUG]   (f) encoding = UTF-8
[DEBUG]   (f) failOnError = true
[DEBUG]   (f) failOnWarning = false
[DEBUG]   (f) forceJavacCompilerUse = false
[DEBUG]   (f) fork = false
[DEBUG]   (f) generatedSourcesDirectory = D:\my-pdf-db\target\generated-sources\annotations
[DEBUG]   (f) mojoExecution = org.apache.maven.plugins:maven-compiler-plugin:3.11.0:compile {execution: default-compile}
[DEBUG]   (f) optimize = false
[DEBUG]   (f) outputDirectory = D:\my-pdf-db\target\classes
[DEBUG]   (f) parameters = true
[DEBUG]   (f) project = MavenProject: com.example:my-pdf-db:1.0-SNAPSHOT @ D:\my-pdf-db\pom.xml
[DEBUG]   (f) projectArtifact = com.example:my-pdf-db:jar:1.0-SNAPSHOT
[DEBUG]   (s) release = 21
[DEBUG]   (f) session = org.apache.maven.execution.MavenSession@2d64160c
[DEBUG]   (f) showCompilationChanges = false
[DEBUG]   (f) showDeprecation = false
[DEBUG]   (f) showWarnings = true
[DEBUG]   (f) skipMultiThreadWarning = false
[DEBUG]   (f) source = 1.8
[DEBUG]   (f) staleMillis = 0
[DEBUG]   (s) target = 1.8
[DEBUG]   (f) useIncrementalCompilation = true
[DEBUG]   (f) verbose = false
[DEBUG] -- end configuration --
[DEBUG] Using compiler 'javac'.
[DEBUG] Adding D:\my-pdf-db\target\generated-sources\annotations to compile source roots:
  D:\my-pdf-db\src\main\java
[DEBUG] New compile source roots:
  D:\my-pdf-db\src\main\java
  D:\my-pdf-db\target\generated-sources\annotations
[DEBUG] CompilerReuseStrategy: reuseCreated
[DEBUG] useIncrementalCompilation enabled
[DEBUG] Stale source detected: D:\my-pdf-db\src\main\java\com\example\PDFToDatabase.java
[DEBUG] Stale source detected: D:\my-pdf-db\src\main\java\com\example\auth\TokenManager.java
[DEBUG] Stale source detected: D:\my-pdf-db\src\main\java\com\example\DatabaseSetup.java
[DEBUG] Stale source detected: D:\my-pdf-db\src\main\java\com\example\ui\GitHubOAuthClient.java
[DEBUG] Stale source detected: D:\my-pdf-db\src\main\java\com\example\ui\GitHubUserProfile.java
[DEBUG] Stale source detected: D:\my-pdf-db\src\main\java\com\example\SearchController.java
[DEBUG] Stale source detected: D:\my-pdf-db\src\main\java\com\example\MaterialController.java
[DEBUG] Stale source detected: D:\my-pdf-db\src\main\java\com\example\AcademicMaterial.java
[DEBUG] Stale source detected: D:\my-pdf-db\src\main\java\com\example\WebController.java
[DEBUG] Stale source detected: D:\my-pdf-db\src\main\java\com\example\ui\SearchService.java
[DEBUG] Stale source detected: D:\my-pdf-db\src\main\java\com\example\SecurityConfig.java
[DEBUG] Stale source detected: D:\my-pdf-db\src\main\java\com\example\ui\AcademicSearchUI.java
[DEBUG] Stale source detected: D:\my-pdf-db\src\main\java\com\example\AcademicMaterialRepository.java
[DEBUG] Stale source detected: D:\my-pdf-db\src\main\java\com\example\ui\DatabaseConnection.java
[DEBUG] Stale source detected: D:\my-pdf-db\src\main\java\com\example\ui\LocalOAuthServer.java
[DEBUG] Stale source detected: D:\my-pdf-db\src\main\java\com\example\AcademicMaterialService.java
[INFO] Changes detected - recompiling the module! :source
[DEBUG] Classpath:
[DEBUG]  D:\my-pdf-db\target\classes
[DEBUG]  C:\Users\shubh\.m2\repository\org\springframework\boot\spring-boot-starter-actuator\3.2.3\spring-boot-starter-actuator-3.2.3.jar
[DEBUG]  C:\Users\shubh\.m2\repository\org\springframework\boot\spring-boot-starter\3.2.3\spring-boot-starter-3.2.3.jar
[DEBUG]  C:\Users\shubh\.m2\repository\org\springframework\boot\spring-boot\3.2.3\spring-boot-3.2.3.jar
[DEBUG]  C:\Users\shubh\.m2\repository\org\springframework\boot\spring-boot-autoconfigure\3.2.3\spring-boot-autoconfigure-3.2.3.jar
[DEBUG]  C:\Users\shubh\.m2\repository\org\springframework\boot\spring-boot-starter-logging\3.2.3\spring-boot-starter-logging-3.2.3.jar
[DEBUG]  C:\Users\shubh\.m2\repository\ch\qos\logback\logback-classic\1.4.14\logback-classic-1.4.14.jar
[DEBUG]  C:\Users\shubh\.m2\repository\ch\qos\logback\logback-core\1.4.14\logback-core-1.4.14.jar
[DEBUG]  C:\Users\shubh\.m2\repository\org\apache\logging\log4j\log4j-to-slf4j\2.21.1\log4j-to-slf4j-2.21.1.jar
[DEBUG]  C:\Users\shubh\.m2\repository\org\apache\logging\log4j\log4j-api\2.21.1\log4j-api-2.21.1.jar
[DEBUG]  C:\Users\shubh\.m2\repository\org\slf4j\jul-to-slf4j\2.0.12\jul-to-slf4j-2.0.12.jar
[DEBUG]  C:\Users\shubh\.m2\repository\jakarta\annotation\jakarta.annotation-api\2.1.1\jakarta.annotation-api-2.1.1.jar
[DEBUG]  C:\Users\shubh\.m2\repository\org\springframework\spring-core\6.1.4\spring-core-6.1.4.jar
[DEBUG]  C:\Users\shubh\.m2\repository\org\springframework\spring-jcl\6.1.4\spring-jcl-6.1.4.jar
[DEBUG]  C:\Users\shubh\.m2\repository\org\yaml\snakeyaml\2.2\snakeyaml-2.2.jar
[DEBUG]  C:\Users\shubh\.m2\repository\org\springframework\boot\spring-boot-actuator-autoconfigure\3.2.3\spring-boot-actuator-autoconfigure-3.2.3.jar
[DEBUG]  C:\Users\shubh\.m2\repository\org\springframework\boot\spring-boot-actuator\3.2.3\spring-boot-actuator-3.2.3.jar
[DEBUG]  C:\Users\shubh\.m2\repository\com\fasterxml\jackson\core\jackson-databind\2.15.4\jackson-databind-2.15.4.jar
[DEBUG]  C:\Users\shubh\.m2\repository\com\fasterxml\jackson\core\jackson-annotations\2.15.4\jackson-annotations-2.15.4.jar
[DEBUG]  C:\Users\shubh\.m2\repository\com\fasterxml\jackson\core\jackson-core\2.15.4\jackson-core-2.15.4.jar
[DEBUG]  C:\Users\shubh\.m2\repository\com\fasterxml\jackson\datatype\jackson-datatype-jsr310\2.15.4\jackson-datatype-jsr310-2.15.4.jar
[DEBUG]  C:\Users\shubh\.m2\repository\io\micrometer\micrometer-observation\1.12.3\micrometer-observation-1.12.3.jar
[DEBUG]  C:\Users\shubh\.m2\repository\io\micrometer\micrometer-commons\1.12.3\micrometer-commons-1.12.3.jar
[DEBUG]  C:\Users\shubh\.m2\repository\io\micrometer\micrometer-jakarta9\1.12.3\micrometer-jakarta9-1.12.3.jar
[DEBUG]  C:\Users\shubh\.m2\repository\io\micrometer\micrometer-core\1.12.3\micrometer-core-1.12.3.jar
[DEBUG]  C:\Users\shubh\.m2\repository\org\springframework\boot\spring-boot-starter-data-jpa\3.2.3\spring-boot-starter-data-jpa-3.2.3.jar
[DEBUG]  C:\Users\shubh\.m2\repository\org\springframework\boot\spring-boot-starter-aop\3.2.3\spring-boot-starter-aop-3.2.3.jar
[DEBUG]  C:\Users\shubh\.m2\repository\org\aspectj\aspectjweaver\1.9.21\aspectjweaver-1.9.21.jar
[DEBUG]  C:\Users\shubh\.m2\repository\org\springframework\boot\spring-boot-starter-jdbc\3.2.3\spring-boot-starter-jdbc-3.2.3.jar
[DEBUG]  C:\Users\shubh\.m2\repository\com\zaxxer\HikariCP\5.0.1\HikariCP-5.0.1.jar
[DEBUG]  C:\Users\shubh\.m2\repository\org\springframework\spring-jdbc\6.1.4\spring-jdbc-6.1.4.jar
[DEBUG]  C:\Users\shubh\.m2\repository\org\hibernate\orm\hibernate-core\6.4.4.Final\hibernate-core-6.4.4.Final.jar
[DEBUG]  C:\Users\shubh\.m2\repository\jakarta\persistence\jakarta.persistence-api\3.1.0\jakarta.persistence-api-3.1.0.jar
[DEBUG]  C:\Users\shubh\.m2\repository\jakarta\transaction\jakarta.transaction-api\2.0.1\jakarta.transaction-api-2.0.1.jar
[DEBUG]  C:\Users\shubh\.m2\repository\org\antlr\antlr4-runtime\4.13.0\antlr4-runtime-4.13.0.jar
[DEBUG]  C:\Users\shubh\.m2\repository\org\springframework\data\spring-data-jpa\3.2.3\spring-data-jpa-3.2.3.jar
[DEBUG]  C:\Users\shubh\.m2\repository\org\springframework\data\spring-data-commons\3.2.3\spring-data-commons-3.2.3.jar
[DEBUG]  C:\Users\shubh\.m2\repository\org\springframework\spring-orm\6.1.4\spring-orm-6.1.4.jar
[DEBUG]  C:\Users\shubh\.m2\repository\org\springframework\spring-context\6.1.4\spring-context-6.1.4.jar
[DEBUG]  C:\Users\shubh\.m2\repository\org\springframework\spring-tx\6.1.4\spring-tx-6.1.4.jar
[DEBUG]  C:\Users\shubh\.m2\repository\org\springframework\spring-beans\6.1.4\spring-beans-6.1.4.jar
[DEBUG]  C:\Users\shubh\.m2\repository\org\springframework\spring-aspects\6.1.4\spring-aspects-6.1.4.jar
[DEBUG]  C:\Users\shubh\.m2\repository\org\springframework\boot\spring-boot-starter-web\3.2.3\spring-boot-starter-web-3.2.3.jar
[DEBUG]  C:\Users\shubh\.m2\repository\org\springframework\boot\spring-boot-starter-json\3.2.3\spring-boot-starter-json-3.2.3.jar
[DEBUG]  C:\Users\shubh\.m2\repository\com\fasterxml\jackson\datatype\jackson-datatype-jdk8\2.15.4\jackson-datatype-jdk8-2.15.4.jar
[DEBUG]  C:\Users\shubh\.m2\repository\com\fasterxml\jackson\module\jackson-module-parameter-names\2.15.4\jackson-module-parameter-names-2.15.4.jar
[DEBUG]  C:\Users\shubh\.m2\repository\org\springframework\boot\spring-boot-starter-tomcat\3.2.3\spring-boot-starter-tomcat-3.2.3.jar
[DEBUG]  C:\Users\shubh\.m2\repository\org\apache\tomcat\embed\tomcat-embed-core\10.1.19\tomcat-embed-core-10.1.19.jar
[DEBUG]  C:\Users\shubh\.m2\repository\org\apache\tomcat\embed\tomcat-embed-el\10.1.19\tomcat-embed-el-10.1.19.jar
[DEBUG]  C:\Users\shubh\.m2\repository\org\apache\tomcat\embed\tomcat-embed-websocket\10.1.19\tomcat-embed-websocket-10.1.19.jar
[DEBUG]  C:\Users\shubh\.m2\repository\org\springframework\spring-web\6.1.4\spring-web-6.1.4.jar
[DEBUG]  C:\Users\shubh\.m2\repository\org\springframework\spring-webmvc\6.1.4\spring-webmvc-6.1.4.jar
[DEBUG]  C:\Users\shubh\.m2\repository\org\springframework\spring-expression\6.1.4\spring-expression-6.1.4.jar
[DEBUG]  C:\Users\shubh\.m2\repository\org\springframework\boot\spring-boot-starter-thymeleaf\3.2.3\spring-boot-starter-thymeleaf-3.2.3.jar
[DEBUG]  C:\Users\shubh\.m2\repository\org\thymeleaf\thymeleaf-spring6\3.1.2.RELEASE\thymeleaf-spring6-3.1.2.RELEASE.jar
[DEBUG]  C:\Users\shubh\.m2\repository\org\thymeleaf\thymeleaf\3.1.2.RELEASE\thymeleaf-3.1.2.RELEASE.jar
[DEBUG]  C:\Users\shubh\.m2\repository\org\attoparser\attoparser\2.0.7.RELEASE\attoparser-2.0.7.RELEASE.jar
[DEBUG]  C:\Users\shubh\.m2\repository\org\unbescape\unbescape\1.1.6.RELEASE\unbescape-1.1.6.RELEASE.jar
[DEBUG]  C:\Users\shubh\.m2\repository\org\springframework\boot\spring-boot-starter-security\3.2.3\spring-boot-starter-security-3.2.3.jar
[DEBUG]  C:\Users\shubh\.m2\repository\org\springframework\spring-aop\6.1.4\spring-aop-6.1.4.jar
[DEBUG]  C:\Users\shubh\.m2\repository\org\springframework\security\spring-security-config\6.2.2\spring-security-config-6.2.2.jar
[DEBUG]  C:\Users\shubh\.m2\repository\org\springframework\security\spring-security-web\6.2.2\spring-security-web-6.2.2.jar
[DEBUG]  C:\Users\shubh\.m2\repository\org\springframework\boot\spring-boot-starter-oauth2-client\3.2.3\spring-boot-starter-oauth2-client-3.2.3.jar
[DEBUG]  C:\Users\shubh\.m2\repository\org\springframework\security\spring-security-core\6.2.2\spring-security-core-6.2.2.jar
[DEBUG]  C:\Users\shubh\.m2\repository\org\springframework\security\spring-security-crypto\6.2.2\spring-security-crypto-6.2.2.jar
[DEBUG]  C:\Users\shubh\.m2\repository\org\springframework\security\spring-security-oauth2-client\6.2.2\spring-security-oauth2-client-6.2.2.jar
[DEBUG]  C:\Users\shubh\.m2\repository\org\springframework\security\spring-security-oauth2-core\6.2.2\spring-security-oauth2-core-6.2.2.jar
[DEBUG]  C:\Users\shubh\.m2\repository\com\nimbusds\oauth2-oidc-sdk\9.43.3\oauth2-oidc-sdk-9.43.3.jar
[DEBUG]  C:\Users\shubh\.m2\repository\com\github\stephenc\jcip\jcip-annotations\1.0-1\jcip-annotations-1.0-1.jar
[DEBUG]  C:\Users\shubh\.m2\repository\com\nimbusds\content-type\2.2\content-type-2.2.jar
[DEBUG]  C:\Users\shubh\.m2\repository\net\minidev\json-smart\2.5.0\json-smart-2.5.0.jar
[DEBUG]  C:\Users\shubh\.m2\repository\net\minidev\accessors-smart\2.5.0\accessors-smart-2.5.0.jar
[DEBUG]  C:\Users\shubh\.m2\repository\org\ow2\asm\asm\9.3\asm-9.3.jar
[DEBUG]  C:\Users\shubh\.m2\repository\com\nimbusds\lang-tag\1.7\lang-tag-1.7.jar
[DEBUG]  C:\Users\shubh\.m2\repository\org\springframework\security\spring-security-oauth2-jose\6.2.2\spring-security-oauth2-jose-6.2.2.jar
[DEBUG]  C:\Users\shubh\.m2\repository\com\nimbusds\nimbus-jose-jwt\9.24.4\nimbus-jose-jwt-9.24.4.jar
[DEBUG]  C:\Users\shubh\.m2\repository\org\thymeleaf\extras\thymeleaf-extras-springsecurity6\3.1.2.RELEASE\thymeleaf-extras-springsecurity6-3.1.2.RELEASE.jar
[DEBUG]  C:\Users\shubh\.m2\repository\org\slf4j\slf4j-api\2.0.12\slf4j-api-2.0.12.jar
[DEBUG]  C:\Users\shubh\.m2\repository\org\apache\pdfbox\pdfbox\2.0.30\pdfbox-2.0.30.jar
[DEBUG]  C:\Users\shubh\.m2\repository\org\apache\pdfbox\fontbox\2.0.30\fontbox-2.0.30.jar
[DEBUG]  C:\Users\shubh\.m2\repository\commons-logging\commons-logging\1.2\commons-logging-1.2.jar
[DEBUG]  C:\Users\shubh\.m2\repository\org\json\json\20231013\json-20231013.jar
[DEBUG] Source roots:
[DEBUG]  D:\my-pdf-db\src\main\java
[DEBUG]  D:\my-pdf-db\target\generated-sources\annotations
[DEBUG] Command line options:
[DEBUG] -d D:\my-pdf-db\target\classes -classpath D:\my-pdf-db\target\classes;C:\Users\shubh\.m2\repository\org\springframework\boot\spring-boot-starter-actuator\3.2.3\spring-boot-starter-actuator-3.2.3.jar;C:\Users\shubh\.m2\repository\org\springframework\boot\spring-boot-starter\3.2.3\spring-boot-starter-3.2.3.jar;C:\Users\shubh\.m2\repository\org\springframework\boot\spring-boot\3.2.3\spring-boot-3.2.3.jar;C:\Users\shubh\.m2\repository\org\springframework\boot\spring-boot-autoconfigure\3.2.3\spring-boot-autoconfigure-3.2.3.jar;C:\Users\shubh\.m2\repository\org\springframework\boot\spring-boot-starter-logging\3.2.3\spring-boot-starter-logging-3.2.3.jar;C:\Users\shubh\.m2\repository\ch\qos\logback\logback-classic\1.4.14\logback-classic-1.4.14.jar;C:\Users\shubh\.m2\repository\ch\qos\logback\logback-core\1.4.14\logback-core-1.4.14.jar;C:\Users\shubh\.m2\repository\org\apache\logging\log4j\log4j-to-slf4j\2.21.1\log4j-to-slf4j-2.21.1.jar;C:\Users\shubh\.m2\repository\org\apache\logging\log4j\log4j-api\2.21.1\log4j-api-2.21.1.jar;C:\Users\shubh\.m2\repository\org\slf4j\jul-to-slf4j\2.0.12\jul-to-slf4j-2.0.12.jar;C:\Users\shubh\.m2\repository\jakarta\annotation\jakarta.annotation-api\2.1.1\jakarta.annotation-api-2.1.1.jar;C:\Users\shubh\.m2\repository\org\springframework\spring-core\6.1.4\spring-core-6.1.4.jar;C:\Users\shubh\.m2\repository\org\springframework\spring-jcl\6.1.4\spring-jcl-6.1.4.jar;C:\Users\shubh\.m2\repository\org\yaml\snakeyaml\2.2\snakeyaml-2.2.jar;C:\Users\shubh\.m2\repository\org\springframework\boot\spring-boot-actuator-autoconfigure\3.2.3\spring-boot-actuator-autoconfigure-3.2.3.jar;C:\Users\shubh\.m2\repository\org\springframework\boot\spring-boot-actuator\3.2.3\spring-boot-actuator-3.2.3.jar;C:\Users\shubh\.m2\repository\com\fasterxml\jackson\core\jackson-databind\2.15.4\jackson-databind-2.15.4.jar;C:\Users\shubh\.m2\repository\com\fasterxml\jackson\core\jackson-annotations\2.15.4\jackson-annotations-2.15.4.jar;C:\Users\shubh\.m2\repository\com\fasterxml\jackson\core\jackson-core\2.15.4\jackson-core-2.15.4.jar;C:\Users\shubh\.m2\repository\com\fasterxml\jackson\datatype\jackson-datatype-jsr310\2.15.4\jackson-datatype-jsr310-2.15.4.jar;C:\Users\shubh\.m2\repository\io\micrometer\micrometer-observation\1.12.3\micrometer-observation-1.12.3.jar;C:\Users\shubh\.m2\repository\io\micrometer\micrometer-commons\1.12.3\micrometer-commons-1.12.3.jar;C:\Users\shubh\.m2\repository\io\micrometer\micrometer-jakarta9\1.12.3\micrometer-jakarta9-1.12.3.jar;C:\Users\shubh\.m2\repository\io\micrometer\micrometer-core\1.12.3\micrometer-core-1.12.3.jar;C:\Users\shubh\.m2\repository\org\springframework\boot\spring-boot-starter-data-jpa\3.2.3\spring-boot-starter-data-jpa-3.2.3.jar;C:\Users\shubh\.m2\repository\org\springframework\boot\spring-boot-starter-aop\3.2.3\spring-boot-starter-aop-3.2.3.jar;C:\Users\shubh\.m2\repository\org\aspectj\aspectjweaver\1.9.21\aspectjweaver-1.9.21.jar;C:\Users\shubh\.m2\repository\org\springframework\boot\spring-boot-starter-jdbc\3.2.3\spring-boot-starter-jdbc-3.2.3.jar;C:\Users\shubh\.m2\repository\com\zaxxer\HikariCP\5.0.1\HikariCP-5.0.1.jar;C:\Users\shubh\.m2\repository\org\springframework\spring-jdbc\6.1.4\spring-jdbc-6.1.4.jar;C:\Users\shubh\.m2\repository\org\hibernate\orm\hibernate-core\6.4.4.Final\hibernate-core-6.4.4.Final.jar;C:\Users\shubh\.m2\repository\jakarta\persistence\jakarta.persistence-api\3.1.0\jakarta.persistence-api-3.1.0.jar;C:\Users\shubh\.m2\repository\jakarta\transaction\jakarta.transaction-api\2.0.1\jakarta.transaction-api-2.0.1.jar;C:\Users\shubh\.m2\repository\org\antlr\antlr4-runtime\4.13.0\antlr4-runtime-4.13.0.jar;C:\Users\shubh\.m2\repository\org\springframework\data\spring-data-jpa\3.2.3\spring-data-jpa-3.2.3.jar;C:\Users\shubh\.m2\repository\org\springframework\data\spring-data-commons\3.2.3\spring-data-commons-3.2.3.jar;C:\Users\shubh\.m2\repository\org\springframework\spring-orm\6.1.4\spring-orm-6.1.4.jar;C:\Users\shubh\.m2\repository\org\springframework\spring-context\6.1.4\spring-context-6.1.4.jar;C:\Users\shubh\.m2\repository\org\springframework\spring-tx\6.1.4\spring-tx-6.1.4.jar;C:\Users\shubh\.m2\repository\org\springframework\spring-beans\6.1.4\spring-beans-6.1.4.jar;C:\Users\shubh\.m2\repository\org\springframework\spring-aspects\6.1.4\spring-aspects-6.1.4.jar;C:\Users\shubh\.m2\repository\org\springframework\boot\spring-boot-starter-web\3.2.3\spring-boot-starter-web-3.2.3.jar;C:\Users\shubh\.m2\repository\org\springframework\boot\spring-boot-starter-json\3.2.3\spring-boot-starter-json-3.2.3.jar;C:\Users\shubh\.m2\repository\com\fasterxml\jackson\datatype\jackson-datatype-jdk8\2.15.4\jackson-datatype-jdk8-2.15.4.jar;C:\Users\shubh\.m2\repository\com\fasterxml\jackson\module\jackson-module-parameter-names\2.15.4\jackson-module-parameter-names-2.15.4.jar;C:\Users\shubh\.m2\repository\org\springframework\boot\spring-boot-starter-tomcat\3.2.3\spring-boot-starter-tomcat-3.2.3.jar;C:\Users\shubh\.m2\repository\org\apache\tomcat\embed\tomcat-embed-core\10.1.19\tomcat-embed-core-10.1.19.jar;C:\Users\shubh\.m2\repository\org\apache\tomcat\embed\tomcat-embed-el\10.1.19\tomcat-embed-el-10.1.19.jar;C:\Users\shubh\.m2\repository\org\apache\tomcat\embed\tomcat-embed-websocket\10.1.19\tomcat-embed-websocket-10.1.19.jar;C:\Users\shubh\.m2\repository\org\springframework\spring-web\6.1.4\spring-web-6.1.4.jar;C:\Users\shubh\.m2\repository\org\springframework\spring-webmvc\6.1.4\spring-webmvc-6.1.4.jar;C:\Users\shubh\.m2\repository\org\springframework\spring-expression\6.1.4\spring-expression-6.1.4.jar;C:\Users\shubh\.m2\repository\org\springframework\boot\spring-boot-starter-thymeleaf\3.2.3\spring-boot-starter-thymeleaf-3.2.3.jar;C:\Users\shubh\.m2\repository\org\thymeleaf\thymeleaf-spring6\3.1.2.RELEASE\thymeleaf-spring6-3.1.2.RELEASE.jar;C:\Users\shubh\.m2\repository\org\thymeleaf\thymeleaf\3.1.2.RELEASE\thymeleaf-3.1.2.RELEASE.jar;C:\Users\shubh\.m2\repository\org\attoparser\attoparser\2.0.7.RELEASE\attoparser-2.0.7.RELEASE.jar;C:\Users\shubh\.m2\repository\org\unbescape\unbescape\1.1.6.RELEASE\unbescape-1.1.6.RELEASE.jar;C:\Users\shubh\.m2\repository\org\springframework\boot\spring-boot-starter-security\3.2.3\spring-boot-starter-security-3.2.3.jar;C:\Users\shubh\.m2\repository\org\springframework\spring-aop\6.1.4\spring-aop-6.1.4.jar;C:\Users\shubh\.m2\repository\org\springframework\security\spring-security-config\6.2.2\spring-security-config-6.2.2.jar;C:\Users\shubh\.m2\repository\org\springframework\security\spring-security-web\6.2.2\spring-security-web-6.2.2.jar;C:\Users\shubh\.m2\repository\org\springframework\boot\spring-boot-starter-oauth2-client\3.2.3\spring-boot-starter-oauth2-client-3.2.3.jar;C:\Users\shubh\.m2\repository\org\springframework\security\spring-security-core\6.2.2\spring-security-core-6.2.2.jar;C:\Users\shubh\.m2\repository\org\springframework\security\spring-security-crypto\6.2.2\spring-security-crypto-6.2.2.jar;C:\Users\shubh\.m2\repository\org\springframework\security\spring-security-oauth2-client\6.2.2\spring-security-oauth2-client-6.2.2.jar;C:\Users\shubh\.m2\repository\org\springframework\security\spring-security-oauth2-core\6.2.2\spring-security-oauth2-core-6.2.2.jar;C:\Users\shubh\.m2\repository\com\nimbusds\oauth2-oidc-sdk\9.43.3\oauth2-oidc-sdk-9.43.3.jar;C:\Users\shubh\.m2\repository\com\github\stephenc\jcip\jcip-annotations\1.0-1\jcip-annotations-1.0-1.jar;C:\Users\shubh\.m2\repository\com\nimbusds\content-type\2.2\content-type-2.2.jar;C:\Users\shubh\.m2\repository\net\minidev\json-smart\2.5.0\json-smart-2.5.0.jar;C:\Users\shubh\.m2\repository\net\minidev\accessors-smart\2.5.0\accessors-smart-2.5.0.jar;C:\Users\shubh\.m2\repository\org\ow2\asm\asm\9.3\asm-9.3.jar;C:\Users\shubh\.m2\repository\com\nimbusds\lang-tag\1.7\lang-tag-1.7.jar;C:\Users\shubh\.m2\repository\org\springframework\security\spring-security-oauth2-jose\6.2.2\spring-security-oauth2-jose-6.2.2.jar;C:\Users\shubh\.m2\repository\com\nimbusds\nimbus-jose-jwt\9.24.4\nimbus-jose-jwt-9.24.4.jar;C:\Users\shubh\.m2\repository\org\thymeleaf\extras\thymeleaf-extras-springsecurity6\3.1.2.RELEASE\thymeleaf-extras-springsecurity6-3.1.2.RELEASE.jar;C:\Users\shubh\.m2\repository\org\slf4j\slf4j-api\2.0.12\slf4j-api-2.0.12.jar;C:\Users\shubh\.m2\repository\org\apache\pdfbox\pdfbox\2.0.30\pdfbox-2.0.30.jar;C:\Users\shubh\.m2\repository\org\apache\pdfbox\fontbox\2.0.30\fontbox-2.0.30.jar;C:\Users\shubh\.m2\repository\commons-logging\commons-logging\1.2\commons-logging-1.2.jar;C:\Users\shubh\.m2\repository\org\json\json\20231013\json-20231013.jar; -sourcepath D:\my-pdf-db\src\main\java;D:\my-pdf-db\target\generated-sources\annotations; -s D:\my-pdf-db\target\generated-sources\annotations -g -parameters --release 21 -encoding UTF-8
[DEBUG] incrementalBuildHelper#beforeRebuildExecution
[INFO] Compiling 16 source files with javac [debug release 21] to target\classes
[DEBUG] incrementalBuildHelper#afterRebuildExecution
[INFO] /D:/my-pdf-db/src/main/java/com/example/ui/GitHubOAuthClient.java: D:\my-pdf-db\src\main\java\com\example\ui\GitHubOAuthClient.java uses or overrides a deprecated API.
[INFO] /D:/my-pdf-db/src/main/java/com/example/ui/GitHubOAuthClient.java: Recompile with -Xlint:deprecation for details.
[INFO] 
[INFO] --- resources:3.3.1:testResources (default-testResources) @ my-pdf-db ---
[DEBUG] Loading mojo org.apache.maven.plugins:maven-resources-plugin:3.3.1:testResources from plugin realm ClassRealm[plugin>org.apache.maven.plugins:maven-resources-plugin:3.3.1, parent: jdk.internal.loader.ClassLoaders$AppClassLoader@5c647e05]
[DEBUG] Configuring mojo execution 'org.apache.maven.plugins:maven-resources-plugin:3.3.1:testResources:default-testResources' with basic configurator -->
[DEBUG]   (f) addDefaultExcludes = true
[DEBUG]   (f) buildFilters = []
[DEBUG]   (s) delimiters = [@]
[DEBUG]   (f) encoding = UTF-8
[DEBUG]   (f) escapeWindowsPaths = true
[DEBUG]   (f) fileNameFiltering = false
[DEBUG]   (s) includeEmptyDirs = false
[DEBUG]   (s) outputDirectory = D:\my-pdf-db\target\test-classes
[DEBUG]   (s) overwrite = false
[DEBUG]   (f) project = MavenProject: com.example:my-pdf-db:1.0-SNAPSHOT @ D:\my-pdf-db\pom.xml
[DEBUG]   (f) propertiesEncoding = UTF-8
[DEBUG]   (s) resources = [Resource {targetPath: null, filtering: false, FileSet {directory: D:\my-pdf-db\src\test\resources, PatternSet [includes: {}, excludes: {}]}}]
[DEBUG]   (f) session = org.apache.maven.execution.MavenSession@2d64160c
[DEBUG]   (f) skip = false
[DEBUG]   (f) supportMultiLineFiltering = false
[DEBUG]   (f) useBuildFilters = true
[DEBUG]   (s) useDefaultDelimiters = false
[DEBUG] -- end configuration --
[DEBUG] properties used:
[DEBUG] activemq.version: 5.18.3
[DEBUG] angus-mail.version: 2.0.2
[DEBUG] artemis.version: 2.31.2
[DEBUG] aspectj.version: 1.9.21
[DEBUG] assertj.version: 3.24.2
[DEBUG] awaitility.version: 4.2.0
[DEBUG] brave.version: 5.16.0
[DEBUG] build-helper-maven-plugin.version: 3.4.0
[DEBUG] byte-buddy.version: 1.14.12
[DEBUG] cache2k.version: 2.6.1.Final
[DEBUG] caffeine.version: 3.1.8
[DEBUG] cassandra-driver.version: 4.17.0
[DEBUG] classmate.version: 1.6.0
[DEBUG] classworlds.conf: C:\Users\shubh\AppData\Roaming\Code\User\globalStorage\pleiades.java-extension-pack-jdk\maven\latest\bin\m2.conf
[DEBUG] commons-codec.version: 1.16.1
[DEBUG] commons-dbcp2.version: 2.10.0
[DEBUG] commons-lang3.version: 3.13.0
[DEBUG] commons-pool.version: 1.6
[DEBUG] commons-pool2.version: 2.12.0
[DEBUG] couchbase-client.version: 3.4.11
[DEBUG] crac.version: 1.4.0
[DEBUG] db2-jdbc.version: 11.5.9.0
[DEBUG] dependency-management-plugin.version: 1.1.4
[DEBUG] derby.version: 10.16.1.1
[DEBUG] dropwizard-metrics.version: 4.2.25
[DEBUG] ehcache3.version: 3.10.8
[DEBUG] elasticsearch-client.version: 8.10.4
[DEBUG] env.=D:: D:\my-pdf-db
[DEBUG] env.=EXITCODE: 00000000
[DEBUG] env.ALLUSERSPROFILE: C:\ProgramData
[DEBUG] env.APPDATA: C:\Users\shubh\AppData\Roaming
[DEBUG] env.BUNDLED_DEBUGPY_PATH: c:\Users\shubh\.vscode\extensions\ms-python.debugpy-2025.18.0-win32-x64\bundled\libs\debugpy
[DEBUG] env.CHOCOLATEYINSTALL: C:\ProgramData\chocolatey
[DEBUG] env.CHOCOLATEYLASTPATHUPDATE: 134043276203252900
[DEBUG] env.CHROME_CRASHPAD_PIPE_NAME: \\.\pipe\crashpad_8992_DKEEHECVWVCQXGNL
[DEBUG] env.CLASSWORLDS_JAR: "C:\Users\shubh\AppData\Roaming\Code\User\globalStorage\pleiades.java-extension-pack-jdk\maven\latest\boot\plexus-classworlds-2.9.0.jar"
[DEBUG] env.CLASSWORLDS_LAUNCHER: org.codehaus.plexus.classworlds.launcher.Launcher
[DEBUG] env.COLORTERM: truecolor
[DEBUG] env.COMMONPROGRAMFILES: C:\Program Files\Common Files
[DEBUG] env.COMMONPROGRAMFILES(X86): C:\Program Files (x86)\Common Files
[DEBUG] env.COMMONPROGRAMW6432: C:\Program Files\Common Files
[DEBUG] env.COMPUTERNAME: VICTUS
[DEBUG] env.COMSPEC: C:\WINDOWS\system32\cmd.exe
[DEBUG] env.DRIVERDATA: C:\Windows\System32\Drivers\DriverData
[DEBUG] env.EFC_11480_1592913036: 1
[DEBUG] env.ERROR_CODE: 0
[DEBUG] env.EXEC_DIR: D:\my-pdf-db
[DEBUG] env.FPS_BROWSER_APP_PROFILE_STRING: Internet Explorer
[DEBUG] env.FPS_BROWSER_USER_PROFILE_STRING: Default
[DEBUG] env.GIT_ASKPASS: c:\Users\shubh\AppData\Roaming\Code\User\globalStorage\vscode.git\askpass\493597c785d4c5cb\askpass.sh
[DEBUG] env.HOMEDRIVE: C:
[DEBUG] env.HOMEPATH: \Users\shubh
[DEBUG] env.INTERNAL_MAVEN_OPTS: --enable-native-access=ALL-UNNAMED 
[DEBUG] env.JAVACMD: C:\Program Files\Java\jdk-21\bin\java.exe
[DEBUG] env.JAVA_HOME: C:\Program Files\Java\jdk-21
[DEBUG] env.JVMCONFIG: \.mvn\jvm.config
[DEBUG] env.LANG: en_US.UTF-8
[DEBUG] env.LOCALAPPDATA: C:\Users\shubh\AppData\Local
[DEBUG] env.LOGONSERVER: \\VICTUS
[DEBUG] env.MAVEN_CMD_LINE_ARGS: -e -X clean spring-boot:run
[DEBUG] env.MAVEN_HOME: C:\Users\shubh\AppData\Roaming\Code\User\globalStorage\pleiades.java-extension-pack-jdk\maven\latest
[DEBUG] env.MAVEN_PROJECTBASEDIR: D:\my-pdf-db
[DEBUG] env.NUMBER_OF_PROCESSORS: 16
[DEBUG] env.ONEDRIVE: C:\Users\shubh\OneDrive
[DEBUG] env.ONLINESERVICES: Online Services
[DEBUG] env.OPENSSL_CONF: C:\Program Files\PostgreSQL\psqlODBC\etc\openssl.cnf
[DEBUG] env.OS: Windows_NT
[DEBUG] env.PATH: c:\Users\shubh\AppData\Roaming\Code\User\globalStorage\github.copilot-chat\debugCommand;c:\Users\shubh\AppData\Roaming\Code\User\globalStorage\github.copilot-chat\copilotCli;C:\Users\shubh\AppData\Roaming\Code\User\globalStorage\pleiades.java-extension-pack-jdk\gradle\latest\bin;C:\Users\shubh\AppData\Roaming\Code\User\globalStorage\pleiades.java-extension-pack-jdk\maven\latest\bin;C:\Program Files\Java\jdk-21\bin;C:\Users\shubh\AppData\Local\Programs\Microsoft VS Code;C:\Program Files\Common Files\Oracle\Java\javapath;C:\windows\system32;C:\windows;C:\windows\System32\Wbem;C:\windows\System32\WindowsPowerShell\v1.0\;C:\windows\System32\OpenSSH\;C:\Program Files (x86)\NVIDIA Corporation\PhysX\Common;C:\Users\Administrator\AppData\Local\Microsoft\WindowsApps;C:\Program Files\HP\OMEN-Broadcast\Common;C:\Program Files\HP\HP One Agent;C:\msys64\ucrt64;C:\WINDOWS\system32;C:\WINDOWS;C:\WINDOWS\System32\Wbem;C:\WINDOWS\System32\WindowsPowerShell\v1.0\;C:\WINDOWS\System32\OpenSSH\;C:\Program Files\dotnet\;C:\Program Files\NVIDIA Corporation\NVIDIA App\NvDLISR;C:\Program Files\Git\cmd;C:\Program Files\Git\mingw64\bin;C:\Program Files\Git\usr\bin;C:\Program Files\nodejs\;C:\ProgramData\chocolatey\bin;C:\Program Files\Amazon\AWSCLIV2\;C:\Program Files\Java\jdk-21\bin;C:\Program Files (x86)\pcsuite\;C:\Users\shubh\Downloads\apache-maven-3.9.13\bin;;C:\Program Files\Docker\Docker\resources\bin;C:\Program Files\Common Files\Oracle\Java\javapath;C:\windows\system32;C:\windows;C:\windows\System32\Wbem;C:\windows\System32\WindowsPowerShell\v1.0\;C:\windows\System32\OpenSSH\;C:\Program Files (x86)\NVIDIA Corporation\PhysX\Common;C:\Users\Administrator\AppData\Local\Microsoft\WindowsApps;C:\Program Files\HP\OMEN-Broadcast\Common;C:\Program Files\HP\HP One Agent;C:\msys64\ucrt64;C:\WINDOWS\system32;C:\WINDOWS;C:\WINDOWS\System32\Wbem;C:\WINDOWS\System32\WindowsPowerShell\v1.0\;C:\WINDOWS\System32\OpenSSH\;C:\Program Files\dotnet\;C:\Program Files\NVIDIA Corporation\NVIDIA App\NvDLISR;C:\Program Files\Git\cmd;C:\Program Files\Git\mingw64\bin;C:\Program Files\Git\usr\bin;C:\Program Files\nodejs\;C:\ProgramData\chocolatey\bin;C:\Program Files\Amazon\AWSCLIV2\;C:\Program Files\Java\jdk-21\bin;C:\Program Files (x86)\pcsuite\;C:\Program Files\Docker\Docker\resources\bin;C:\Users\shubh\Downloads\apache-maven-3.9.13\bin;C:\Users\shubh\AppData\Local\Programs\Python\Launcher\;C:\windows\system3;C:\Users\shubh\AppData\Local\Programs\Python\Python313\;C:\Users\shubh\AppData\Local\Programs\Python\Python313\Scripts\;C:\msys64\ucrt64\bin;C:\Users\shubh\AppData\Local\Programs\Microsoft VS Code\bin;C:\Users\shubh\AppData\Local\GitHubDesktop\bin;C:\Program Files\PostgreSQL\18\bin;C:\Users\shubh\AppData\Local\Programs\Antigravity\bin;D:\Softwares\Kiro\bin;c:\Users\shubh\.vscode\extensions\vscjava.vscode-java-debug-0.58.5\bundled\scripts\noConfigScriptsc:\Users\shubh\.vscode\extensions\ms-python.debugpy-2025.18.0-win32-x64\bundled\scripts\noConfigScripts
[DEBUG] env.PATHEXT: .COM;.EXE;.BAT;.CMD;.VBS;.VBE;.JS;.JSE;.WSF;.WSH;.MSC
[DEBUG] env.PKG_CONFIG_PATH: C:\gtk4\lib\pkgconfig
[DEBUG] env.PLATFORMCODE: M7
[DEBUG] env.PROCESSOR_ARCHITECTURE: AMD64
[DEBUG] env.PROCESSOR_IDENTIFIER: Intel64 Family 6 Model 186 Stepping 2, GenuineIntel
[DEBUG] env.PROCESSOR_LEVEL: 6
[DEBUG] env.PROCESSOR_REVISION: ba02
[DEBUG] env.PROGRAMDATA: C:\ProgramData
[DEBUG] env.PROGRAMFILES: C:\Program Files
[DEBUG] env.PROGRAMFILES(X86): C:\Program Files (x86)
[DEBUG] env.PROGRAMW6432: C:\Program Files
[DEBUG] env.PROMPT: $P$G
[DEBUG] env.PSMODULEPATH: C:\Program Files\WindowsPowerShell\Modules;C:\WINDOWS\system32\WindowsPowerShell\v1.0\Modules
[DEBUG] env.PUBLIC: C:\Users\Public
[DEBUG] env.PYDEVD_DISABLE_FILE_VALIDATION: 1
[DEBUG] env.PYTHONSTARTUP: c:\Users\shubh\AppData\Roaming\Code\User\workspaceStorage\f6f5442d03e491822227dae330a04163\ms-python.python\pythonrc.py
[DEBUG] env.PYTHON_BASIC_REPL: 1
[DEBUG] env.REGIONCODE: APJ
[DEBUG] env.SESSIONNAME: Console
[DEBUG] env.SYSTEMDRIVE: C:
[DEBUG] env.SYSTEMROOT: C:\WINDOWS
[DEBUG] env.TEMP: C:\Users\shubh\AppData\Local\Temp
[DEBUG] env.TERM_PROGRAM: vscode
[DEBUG] env.TERM_PROGRAM_VERSION: 1.114.0
[DEBUG] env.TMP: C:\Users\shubh\AppData\Local\Temp
[DEBUG] env.USERDOMAIN: VICTUS
[DEBUG] env.USERDOMAIN_ROAMINGPROFILE: VICTUS
[DEBUG] env.USERNAME: shubh
[DEBUG] env.USERPROFILE: C:\Users\shubh
[DEBUG] env.VSCODE_DEBUGPY_ADAPTER_ENDPOINTS: c:\Users\shubh\.vscode\extensions\ms-python.debugpy-2025.18.0-win32-x64\.noConfigDebugAdapterEndpoints\endpoint-1c1df876a8ef2ea9.txt
[DEBUG] env.VSCODE_GIT_ASKPASS_EXTRA_ARGS: 
[DEBUG] env.VSCODE_GIT_ASKPASS_MAIN: c:\Users\shubh\AppData\Roaming\Code\User\globalStorage\vscode.git\askpass\493597c785d4c5cb\askpass-main.js
[DEBUG] env.VSCODE_GIT_ASKPASS_NODE: C:\Users\shubh\AppData\Local\Programs\Microsoft VS Code\Code.exe
[DEBUG] env.VSCODE_GIT_IPC_HANDLE: \\.\pipe\vscode-git-3ce0f47acc-sock
[DEBUG] env.VSCODE_JAVA_EXEC: C:\Users\shubh\AppData\Roaming\Code\User\globalStorage\pleiades.java-extension-pack-jdk\java\17\bin\java
[DEBUG] env.VSCODE_JDWP_ADAPTER_ENDPOINTS: c:\Users\shubh\.vscode\extensions\vscjava.vscode-java-debug-0.58.5\.noConfigDebugAdapterEndpoints\endpoint-1c1df876a8ef2ea9.txt
[DEBUG] env.VSCODE_NONCE: d26e0838-770c-46af-b63a-4f468cf98b0b
[DEBUG] env.WDIR: D:\
[DEBUG] env.WINDIR: C:\WINDOWS
[DEBUG] env.ZES_ENABLE_SYSMAN: 1
[DEBUG] file.encoding: UTF-8
[DEBUG] file.separator: \
[DEBUG] flyway.version: 9.22.3
[DEBUG] freemarker.version: 2.3.32
[DEBUG] git-commit-id-maven-plugin.version: 6.0.0
[DEBUG] glassfish-jaxb.version: 4.0.4
[DEBUG] glassfish-jstl.version: 3.0.1
[DEBUG] graphql-java.version: 21.3
[DEBUG] groovy.version: 4.0.18
[DEBUG] gson.version: 2.10.1
[DEBUG] h2.version: 2.2.224
[DEBUG] hamcrest.version: 2.2
[DEBUG] hazelcast.version: 5.3.6
[DEBUG] hibernate-validator.version: 8.0.1.Final
[DEBUG] hibernate.version: 6.4.4.Final
[DEBUG] hikaricp.version: 5.0.1
[DEBUG] hsqldb.version: 2.7.2
[DEBUG] htmlunit.version: 2.70.0
[DEBUG] httpasyncclient.version: 4.1.5
[DEBUG] httpclient5.version: 5.2.3
[DEBUG] httpcore.version: 4.4.16
[DEBUG] httpcore5.version: 5.2.4
[DEBUG] infinispan.version: 14.0.24.Final
[DEBUG] influxdb-java.version: 2.23
[DEBUG] jackson-bom.version: 2.15.4
[DEBUG] jakarta-activation.version: 2.1.2
[DEBUG] jakarta-annotation.version: 2.1.1
[DEBUG] jakarta-jms.version: 3.1.0
[DEBUG] jakarta-json-bind.version: 3.0.0
[DEBUG] jakarta-json.version: 2.1.3
[DEBUG] jakarta-mail.version: 2.1.2
[DEBUG] jakarta-management.version: 1.1.4
[DEBUG] jakarta-persistence.version: 3.1.0
[DEBUG] jakarta-servlet-jsp-jstl.version: 3.0.0
[DEBUG] jakarta-servlet.version: 6.0.0
[DEBUG] jakarta-transaction.version: 2.0.1
[DEBUG] jakarta-validation.version: 3.0.2
[DEBUG] jakarta-websocket.version: 2.1.1
[DEBUG] jakarta-ws-rs.version: 3.1.0
[DEBUG] jakarta-xml-bind.version: 4.0.1
[DEBUG] jakarta-xml-soap.version: 3.0.1
[DEBUG] jakarta-xml-ws.version: 4.0.1
[DEBUG] janino.version: 3.1.12
[DEBUG] java.class.path: C:\Users\shubh\AppData\Roaming\Code\User\globalStorage\pleiades.java-extension-pack-jdk\maven\latest\boot\plexus-classworlds-2.9.0.jar
[DEBUG] java.class.version: 65.0
[DEBUG] java.home: C:\Program Files\Java\jdk-21
[DEBUG] java.io.tmpdir: C:\Users\shubh\AppData\Local\Temp\
[DEBUG] java.library.path: C:\Program Files\Java\jdk-21\bin;C:\WINDOWS\Sun\Java\bin;C:\WINDOWS\system32;C:\WINDOWS;c:\Users\shubh\AppData\Roaming\Code\User\globalStorage\github.copilot-chat\debugCommand;c:\Users\shubh\AppData\Roaming\Code\User\globalStorage\github.copilot-chat\copilotCli;C:\Users\shubh\AppData\Roaming\Code\User\globalStorage\pleiades.java-extension-pack-jdk\gradle\latest\bin;C:\Users\shubh\AppData\Roaming\Code\User\globalStorage\pleiades.java-extension-pack-jdk\maven\latest\bin;C:\Program Files\Java\jdk-21\bin;C:\Users\shubh\AppData\Local\Programs\Microsoft VS Code;C:\Program Files\Common Files\Oracle\Java\javapath;C:\windows\system32;C:\windows;C:\windows\System32\Wbem;C:\windows\System32\WindowsPowerShell\v1.0\;C:\windows\System32\OpenSSH\;C:\Program Files (x86)\NVIDIA Corporation\PhysX\Common;C:\Users\Administrator\AppData\Local\Microsoft\WindowsApps;C:\Program Files\HP\OMEN-Broadcast\Common;C:\Program Files\HP\HP One Agent;C:\msys64\ucrt64;C:\WINDOWS\system32;C:\WINDOWS;C:\WINDOWS\System32\Wbem;C:\WINDOWS\System32\WindowsPowerShell\v1.0\;C:\WINDOWS\System32\OpenSSH\;C:\Program Files\dotnet\;C:\Program Files\NVIDIA Corporation\NVIDIA App\NvDLISR;C:\Program Files\Git\cmd;C:\Program Files\Git\mingw64\bin;C:\Program Files\Git\usr\bin;C:\Program Files\nodejs\;C:\ProgramData\chocolatey\bin;C:\Program Files\Amazon\AWSCLIV2\;C:\Program Files\Java\jdk-21\bin;C:\Program Files (x86)\pcsuite\;C:\Users\shubh\Downloads\apache-maven-3.9.13\bin;;C:\Program Files\Docker\Docker\resources\bin;C:\Program Files\Common Files\Oracle\Java\javapath;C:\windows\system32;C:\windows;C:\windows\System32\Wbem;C:\windows\System32\WindowsPowerShell\v1.0\;C:\windows\System32\OpenSSH\;C:\Program Files (x86)\NVIDIA Corporation\PhysX\Common;C:\Users\Administrator\AppData\Local\Microsoft\WindowsApps;C:\Program Files\HP\OMEN-Broadcast\Common;C:\Program Files\HP\HP One Agent;C:\msys64\ucrt64;C:\WINDOWS\system32;C:\WINDOWS;C:\WINDOWS\System32\Wbem;C:\WINDOWS\System32\WindowsPowerShell\v1.0\;C:\WINDOWS\System32\OpenSSH\;C:\Program Files\dotnet\;C:\Program Files\NVIDIA Corporation\NVIDIA App\NvDLISR;C:\Program Files\Git\cmd;C:\Program Files\Git\mingw64\bin;C:\Program Files\Git\usr\bin;C:\Program Files\nodejs\;C:\ProgramData\chocolatey\bin;C:\Program Files\Amazon\AWSCLIV2\;C:\Program Files\Java\jdk-21\bin;C:\Program Files (x86)\pcsuite\;C:\Program Files\Docker\Docker\resources\bin;C:\Users\shubh\Downloads\apache-maven-3.9.13\bin;C:\Users\shubh\AppData\Local\Programs\Python\Launcher\;C:\windows\system3;C:\Users\shubh\AppData\Local\Programs\Python\Python313\;C:\Users\shubh\AppData\Local\Programs\Python\Python313\Scripts\;C:\msys64\ucrt64\bin;C:\Users\shubh\AppData\Local\Programs\Microsoft VS Code\bin;C:\Users\shubh\AppData\Local\GitHubDesktop\bin;C:\Program Files\PostgreSQL\18\bin;C:\Users\shubh\AppData\Local\Programs\Antigravity\bin;D:\Softwares\Kiro\bin;c:\Users\shubh\.vscode\extensions\vscjava.vscode-java-debug-0.58.5\bundled\scripts\noConfigScriptsc:\Users\shubh\.vscode\extensions\ms-python.debugpy-2025.18.0-win32-x64\bundled\scripts\noConfigScripts;.
[DEBUG] java.runtime.name: Java(TM) SE Runtime Environment
[DEBUG] java.runtime.version: 21.0.9+7-LTS-338
[DEBUG] java.specification.name: Java Platform API Specification
[DEBUG] java.specification.vendor: Oracle Corporation
[DEBUG] java.specification.version: 21
[DEBUG] java.vendor: Oracle Corporation
[DEBUG] java.vendor.url: https://java.oracle.com/
[DEBUG] java.vendor.url.bug: https://bugreport.java.com/bugreport/
[DEBUG] java.version: 21.0.9
[DEBUG] java.version.date: 2025-10-21
[DEBUG] java.vm.compressedOopsMode: Zero based
[DEBUG] java.vm.info: mixed mode, sharing
[DEBUG] java.vm.name: Java HotSpot(TM) 64-Bit Server VM
[DEBUG] java.vm.specification.name: Java Virtual Machine Specification
[DEBUG] java.vm.specification.vendor: Oracle Corporation
[DEBUG] java.vm.specification.version: 21
[DEBUG] java.vm.vendor: Oracle Corporation
[DEBUG] java.vm.version: 21.0.9+7-LTS-338
[DEBUG] javax-cache.version: 1.1.1
[DEBUG] javax-money.version: 1.1
[DEBUG] jaxen.version: 2.0.0
[DEBUG] jaybird.version: 5.0.3.java11
[DEBUG] jboss-logging.version: 3.5.3.Final
[DEBUG] jdk.debug: release
[DEBUG] jdom2.version: 2.0.6.1
[DEBUG] jedis.version: 5.0.2
[DEBUG] jersey.version: 3.1.5
[DEBUG] jetty-reactive-httpclient.version: 4.0.3
[DEBUG] jetty.version: 12.0.6
[DEBUG] jmustache.version: 1.15
[DEBUG] jooq.version: 3.18.11
[DEBUG] json-path.version: 2.9.0
[DEBUG] json-smart.version: 2.5.0
[DEBUG] jsonassert.version: 1.5.1
[DEBUG] jtds.version: 1.3.1
[DEBUG] junit-jupiter.version: 5.10.2
[DEBUG] junit.version: 4.13.2
[DEBUG] kafka.version: 3.6.1
[DEBUG] kotlin-coroutines.version: 1.7.3
[DEBUG] kotlin-serialization.version: 1.6.3
[DEBUG] kotlin.version: 1.9.22
[DEBUG] lettuce.version: 6.3.1.RELEASE
[DEBUG] library.jansi.path: C:\Users\shubh\AppData\Roaming\Code\User\globalStorage\pleiades.java-extension-pack-jdk\maven\latest\lib\jansi-native
[DEBUG] line.separator: 

[DEBUG] liquibase.version: 4.24.0
[DEBUG] log4j2.version: 2.21.1
[DEBUG] logback.version: 1.4.14
[DEBUG] lombok.version: 1.18.30
[DEBUG] mariadb.version: 3.3.3
[DEBUG] maven-antrun-plugin.version: 3.1.0
[DEBUG] maven-assembly-plugin.version: 3.6.0
[DEBUG] maven-clean-plugin.version: 3.3.2
[DEBUG] maven-compiler-plugin.version: 3.11.0
[DEBUG] maven-dependency-plugin.version: 3.6.1
[DEBUG] maven-deploy-plugin.version: 3.1.1
[DEBUG] maven-enforcer-plugin.version: 3.4.1
[DEBUG] maven-failsafe-plugin.version: 3.1.2
[DEBUG] maven-help-plugin.version: 3.4.0
[DEBUG] maven-install-plugin.version: 3.1.1
[DEBUG] maven-invoker-plugin.version: 3.6.0
[DEBUG] maven-jar-plugin.version: 3.3.0
[DEBUG] maven-javadoc-plugin.version: 3.6.3
[DEBUG] maven-resources-plugin.version: 3.3.1
[DEBUG] maven-shade-plugin.version: 3.5.2
[DEBUG] maven-source-plugin.version: 3.3.0
[DEBUG] maven-surefire-plugin.version: 3.1.2
[DEBUG] maven-war-plugin.version: 3.4.0
[DEBUG] maven.build.timestamp: 2026-04-05T19:10:17Z
[DEBUG] maven.build.version: Apache Maven 3.9.14 (996c630dbc656c76214ce58821dcc58be960875b)
[DEBUG] maven.compiler.release: 21
[DEBUG] maven.conf: C:\Users\shubh\AppData\Roaming\Code\User\globalStorage\pleiades.java-extension-pack-jdk\maven\latest/conf
[DEBUG] maven.home: C:\Users\shubh\AppData\Roaming\Code\User\globalStorage\pleiades.java-extension-pack-jdk\maven\latest
[DEBUG] maven.multiModuleProjectDirectory: D:\my-pdf-db
[DEBUG] maven.version: 3.9.14
[DEBUG] micrometer-tracing.version: 1.2.3
[DEBUG] micrometer.version: 1.12.3
[DEBUG] mockito.version: 5.7.0
[DEBUG] mongodb.version: 4.11.1
[DEBUG] mssql-jdbc.version: 12.4.2.jre11
[DEBUG] mysql.version: 8.3.0
[DEBUG] native-build-tools-plugin.version: 0.9.28
[DEBUG] native.encoding: UTF-8
[DEBUG] nekohtml.version: 1.9.22
[DEBUG] neo4j-java-driver.version: 5.17.0
[DEBUG] netty.version: 4.1.107.Final
[DEBUG] okhttp.version: 4.12.0
[DEBUG] opentelemetry.version: 1.31.0
[DEBUG] oracle-database.version: 21.9.0.0
[DEBUG] oracle-r2dbc.version: 1.1.1
[DEBUG] os.arch: amd64
[DEBUG] os.name: Windows 11
[DEBUG] os.version: 10.0
[DEBUG] path.separator: ;
[DEBUG] pooled-jms.version: 3.1.5
[DEBUG] postgresql.version: 42.6.1
[DEBUG] project.baseUri: file:/D:/my-pdf-db/
[DEBUG] project.build.sourceEncoding: UTF-8
[DEBUG] project.reporting.outputEncoding: UTF-8
[DEBUG] prometheus-client.version: 0.16.0
[DEBUG] pulsar-reactive.version: 0.5.3
[DEBUG] pulsar.version: 3.1.2
[DEBUG] quartz.version: 2.3.2
[DEBUG] querydsl.version: 5.0.0
[DEBUG] r2dbc-h2.version: 1.0.0.RELEASE
[DEBUG] r2dbc-mariadb.version: 1.1.4
[DEBUG] r2dbc-mssql.version: 1.0.2.RELEASE
[DEBUG] r2dbc-mysql.version: 1.0.6
[DEBUG] r2dbc-pool.version: 1.0.1.RELEASE
[DEBUG] r2dbc-postgresql.version: 1.0.4.RELEASE
[DEBUG] r2dbc-proxy.version: 1.1.4.RELEASE
[DEBUG] r2dbc-spi.version: 1.0.0.RELEASE
[DEBUG] rabbit-amqp-client.version: 5.19.0
[DEBUG] rabbit-stream-client.version: 0.14.0
[DEBUG] reactive-streams.version: 1.0.4
[DEBUG] reactor-bom.version: 2023.0.3
[DEBUG] resource.delimiter: @
[DEBUG] rest-assured.version: 5.3.2
[DEBUG] rsocket.version: 1.1.3
[DEBUG] rxjava3.version: 3.1.8
[DEBUG] saaj-impl.version: 3.0.3
[DEBUG] selenium-htmlunit.version: 4.13.0
[DEBUG] selenium.version: 4.14.1
[DEBUG] sendgrid.version: 4.9.3
[DEBUG] slf4j.version: 2.0.12
[DEBUG] snakeyaml.version: 2.2
[DEBUG] spring-amqp.version: 3.1.2
[DEBUG] spring-authorization-server.version: 1.2.2
[DEBUG] spring-batch.version: 5.1.1
[DEBUG] spring-data-bom.version: 2023.1.3
[DEBUG] spring-framework.version: 6.1.4
[DEBUG] spring-graphql.version: 1.2.5
[DEBUG] spring-hateoas.version: 2.2.0
[DEBUG] spring-integration.version: 6.2.2
[DEBUG] spring-kafka.version: 3.1.2
[DEBUG] spring-ldap.version: 3.2.2
[DEBUG] spring-pulsar.version: 1.0.3
[DEBUG] spring-restdocs.version: 3.0.1
[DEBUG] spring-retry.version: 2.0.5
[DEBUG] spring-security.version: 6.2.2
[DEBUG] spring-session.version: 3.2.1
[DEBUG] spring-ws.version: 4.0.10
[DEBUG] sqlite-jdbc.version: 3.43.2.0
[DEBUG] stderr.encoding: UTF-8
[DEBUG] stdout.encoding: UTF-8
[DEBUG] sun.arch.data.model: 64
[DEBUG] sun.boot.library.path: C:\Program Files\Java\jdk-21\bin
[DEBUG] sun.cpu.endian: little
[DEBUG] sun.cpu.isalist: amd64
[DEBUG] sun.io.unicode.encoding: UnicodeLittle
[DEBUG] sun.java.command: org.codehaus.plexus.classworlds.launcher.Launcher -e -X clean spring-boot:run
[DEBUG] sun.java.launcher: SUN_STANDARD
[DEBUG] sun.jnu.encoding: UTF-8
[DEBUG] sun.management.compiler: HotSpot 64-Bit Tiered Compilers
[DEBUG] sun.os.patch.level: 
[DEBUG] testcontainers.version: 1.19.5
[DEBUG] thymeleaf-extras-data-attribute.version: 2.0.1
[DEBUG] thymeleaf-extras-springsecurity.version: 3.1.2.RELEASE
[DEBUG] thymeleaf-layout-dialect.version: 3.3.0
[DEBUG] thymeleaf.version: 3.1.2.RELEASE
[DEBUG] tomcat.version: 10.1.19
[DEBUG] unboundid-ldapsdk.version: 6.0.11
[DEBUG] undertow.version: 2.3.12.Final
[DEBUG] user.country: IN
[DEBUG] user.dir: D:\my-pdf-db
[DEBUG] user.home: C:\Users\shubh
[DEBUG] user.language: en
[DEBUG] user.name: shubh
[DEBUG] user.script: 
[DEBUG] user.variant: 
[DEBUG] versions-maven-plugin.version: 2.16.2
[DEBUG] webjars-locator-core.version: 0.55
[DEBUG] wsdl4j.version: 1.6.3
[DEBUG] xml-maven-plugin.version: 1.1.0
[DEBUG] xmlunit2.version: 2.9.1
[DEBUG] yasson.version: 3.0.3
[DEBUG] Using 'UTF-8' encoding to copy filtered resources.
[DEBUG] Using 'UTF-8' encoding to copy filtered properties files.
[DEBUG] resource with targetPath null
directory D:\my-pdf-db\src\test\resources
excludes []
includes []
[INFO] skip non existing resourceDirectory D:\my-pdf-db\src\test\resources
[DEBUG] no user filter components
[INFO] 
[INFO] --- compiler:3.11.0:testCompile (default-testCompile) @ my-pdf-db ---
[DEBUG] Loading mojo org.apache.maven.plugins:maven-compiler-plugin:3.11.0:testCompile from plugin realm ClassRealm[plugin>org.apache.maven.plugins:maven-compiler-plugin:3.11.0, parent: jdk.internal.loader.ClassLoaders$AppClassLoader@5c647e05]
[DEBUG] Configuring mojo execution 'org.apache.maven.plugins:maven-compiler-plugin:3.11.0:testCompile:default-testCompile' with basic configurator -->
[DEBUG]   (f) basedir = D:\my-pdf-db
[DEBUG]   (f) buildDirectory = D:\my-pdf-db\target
[DEBUG]   (f) compileSourceRoots = [D:\my-pdf-db\src\test\java]
[DEBUG]   (f) compilerId = javac
[DEBUG]   (f) createMissingPackageInfoClass = true
[DEBUG]   (f) debug = true
[DEBUG]   (f) debugFileName = javac-test
[DEBUG]   (f) enablePreview = false
[DEBUG]   (f) encoding = UTF-8
[DEBUG]   (f) failOnError = true
[DEBUG]   (f) failOnWarning = false
[DEBUG]   (f) forceJavacCompilerUse = false
[DEBUG]   (f) fork = false
[DEBUG]   (f) generatedTestSourcesDirectory = D:\my-pdf-db\target\generated-test-sources\test-annotations
[DEBUG]   (f) mojoExecution = org.apache.maven.plugins:maven-compiler-plugin:3.11.0:testCompile {execution: default-testCompile}
[DEBUG]   (f) optimize = false
[DEBUG]   (f) outputDirectory = D:\my-pdf-db\target\test-classes
[DEBUG]   (f) parameters = true
[DEBUG]   (f) project = MavenProject: com.example:my-pdf-db:1.0-SNAPSHOT @ D:\my-pdf-db\pom.xml
[DEBUG]   (s) release = 21
[DEBUG]   (f) session = org.apache.maven.execution.MavenSession@2d64160c
[DEBUG]   (f) showCompilationChanges = false
[DEBUG]   (f) showDeprecation = false
[DEBUG]   (f) showWarnings = true
[DEBUG]   (f) skipMultiThreadWarning = false
[DEBUG]   (f) source = 1.8
[DEBUG]   (f) staleMillis = 0
[DEBUG]   (s) target = 1.8
[DEBUG]   (f) testPath = [D:\my-pdf-db\target\test-classes, D:\my-pdf-db\target\classes, C:\Users\shubh\.m2\repository\org\springframework\boot\spring-boot-starter-actuator\3.2.3\spring-boot-starter-actuator-3.2.3.jar, C:\Users\shubh\.m2\repository\org\springframework\boot\spring-boot-starter\3.2.3\spring-boot-starter-3.2.3.jar, C:\Users\shubh\.m2\repository\org\springframework\boot\spring-boot\3.2.3\spring-boot-3.2.3.jar, C:\Users\shubh\.m2\repository\org\springframework\boot\spring-boot-autoconfigure\3.2.3\spring-boot-autoconfigure-3.2.3.jar, C:\Users\shubh\.m2\repository\org\springframework\boot\spring-boot-starter-logging\3.2.3\spring-boot-starter-logging-3.2.3.jar, C:\Users\shubh\.m2\repository\ch\qos\logback\logback-classic\1.4.14\logback-classic-1.4.14.jar, C:\Users\shubh\.m2\repository\ch\qos\logback\logback-core\1.4.14\logback-core-1.4.14.jar, C:\Users\shubh\.m2\repository\org\apache\logging\log4j\log4j-to-slf4j\2.21.1\log4j-to-slf4j-2.21.1.jar, C:\Users\shubh\.m2\repository\org\apache\logging\log4j\log4j-api\2.21.1\log4j-api-2.21.1.jar, C:\Users\shubh\.m2\repository\org\slf4j\jul-to-slf4j\2.0.12\jul-to-slf4j-2.0.12.jar, C:\Users\shubh\.m2\repository\jakarta\annotation\jakarta.annotation-api\2.1.1\jakarta.annotation-api-2.1.1.jar, C:\Users\shubh\.m2\repository\org\springframework\spring-core\6.1.4\spring-core-6.1.4.jar, C:\Users\shubh\.m2\repository\org\springframework\spring-jcl\6.1.4\spring-jcl-6.1.4.jar, C:\Users\shubh\.m2\repository\org\yaml\snakeyaml\2.2\snakeyaml-2.2.jar, C:\Users\shubh\.m2\repository\org\springframework\boot\spring-boot-actuator-autoconfigure\3.2.3\spring-boot-actuator-autoconfigure-3.2.3.jar, C:\Users\shubh\.m2\repository\org\springframework\boot\spring-boot-actuator\3.2.3\spring-boot-actuator-3.2.3.jar, C:\Users\shubh\.m2\repository\com\fasterxml\jackson\core\jackson-databind\2.15.4\jackson-databind-2.15.4.jar, C:\Users\shubh\.m2\repository\com\fasterxml\jackson\core\jackson-annotations\2.15.4\jackson-annotations-2.15.4.jar, C:\Users\shubh\.m2\repository\com\fasterxml\jackson\core\jackson-core\2.15.4\jackson-core-2.15.4.jar, C:\Users\shubh\.m2\repository\com\fasterxml\jackson\datatype\jackson-datatype-jsr310\2.15.4\jackson-datatype-jsr310-2.15.4.jar, C:\Users\shubh\.m2\repository\io\micrometer\micrometer-observation\1.12.3\micrometer-observation-1.12.3.jar, C:\Users\shubh\.m2\repository\io\micrometer\micrometer-commons\1.12.3\micrometer-commons-1.12.3.jar, C:\Users\shubh\.m2\repository\io\micrometer\micrometer-jakarta9\1.12.3\micrometer-jakarta9-1.12.3.jar, C:\Users\shubh\.m2\repository\io\micrometer\micrometer-core\1.12.3\micrometer-core-1.12.3.jar, C:\Users\shubh\.m2\repository\org\hdrhistogram\HdrHistogram\2.1.12\HdrHistogram-2.1.12.jar, C:\Users\shubh\.m2\repository\org\latencyutils\LatencyUtils\2.0.3\LatencyUtils-2.0.3.jar, C:\Users\shubh\.m2\repository\org\springframework\boot\spring-boot-starter-data-jpa\3.2.3\spring-boot-starter-data-jpa-3.2.3.jar, C:\Users\shubh\.m2\repository\org\springframework\boot\spring-boot-starter-aop\3.2.3\spring-boot-starter-aop-3.2.3.jar, C:\Users\shubh\.m2\repository\org\aspectj\aspectjweaver\1.9.21\aspectjweaver-1.9.21.jar, C:\Users\shubh\.m2\repository\org\springframework\boot\spring-boot-starter-jdbc\3.2.3\spring-boot-starter-jdbc-3.2.3.jar, C:\Users\shubh\.m2\repository\com\zaxxer\HikariCP\5.0.1\HikariCP-5.0.1.jar, C:\Users\shubh\.m2\repository\org\springframework\spring-jdbc\6.1.4\spring-jdbc-6.1.4.jar, C:\Users\shubh\.m2\repository\org\hibernate\orm\hibernate-core\6.4.4.Final\hibernate-core-6.4.4.Final.jar, C:\Users\shubh\.m2\repository\jakarta\persistence\jakarta.persistence-api\3.1.0\jakarta.persistence-api-3.1.0.jar, C:\Users\shubh\.m2\repository\jakarta\transaction\jakarta.transaction-api\2.0.1\jakarta.transaction-api-2.0.1.jar, C:\Users\shubh\.m2\repository\org\jboss\logging\jboss-logging\3.5.3.Final\jboss-logging-3.5.3.Final.jar, C:\Users\shubh\.m2\repository\org\hibernate\common\hibernate-commons-annotations\6.0.6.Final\hibernate-commons-annotations-6.0.6.Final.jar, C:\Users\shubh\.m2\repository\io\smallrye\jandex\3.1.2\jandex-3.1.2.jar, C:\Users\shubh\.m2\repository\com\fasterxml\classmate\1.6.0\classmate-1.6.0.jar, C:\Users\shubh\.m2\repository\net\bytebuddy\byte-buddy\1.14.12\byte-buddy-1.14.12.jar, C:\Users\shubh\.m2\repository\jakarta\xml\bind\jakarta.xml.bind-api\4.0.1\jakarta.xml.bind-api-4.0.1.jar, C:\Users\shubh\.m2\repository\jakarta\activation\jakarta.activation-api\2.1.2\jakarta.activation-api-2.1.2.jar, C:\Users\shubh\.m2\repository\org\glassfish\jaxb\jaxb-runtime\4.0.4\jaxb-runtime-4.0.4.jar, C:\Users\shubh\.m2\repository\org\glassfish\jaxb\jaxb-core\4.0.4\jaxb-core-4.0.4.jar, C:\Users\shubh\.m2\repository\org\eclipse\angus\angus-activation\2.0.1\angus-activation-2.0.1.jar, C:\Users\shubh\.m2\repository\org\glassfish\jaxb\txw2\4.0.4\txw2-4.0.4.jar, C:\Users\shubh\.m2\repository\com\sun\istack\istack-commons-runtime\4.1.2\istack-commons-runtime-4.1.2.jar, C:\Users\shubh\.m2\repository\jakarta\inject\jakarta.inject-api\2.0.1\jakarta.inject-api-2.0.1.jar, C:\Users\shubh\.m2\repository\org\antlr\antlr4-runtime\4.13.0\antlr4-runtime-4.13.0.jar, C:\Users\shubh\.m2\repository\org\springframework\data\spring-data-jpa\3.2.3\spring-data-jpa-3.2.3.jar, C:\Users\shubh\.m2\repository\org\springframework\data\spring-data-commons\3.2.3\spring-data-commons-3.2.3.jar, C:\Users\shubh\.m2\repository\org\springframework\spring-orm\6.1.4\spring-orm-6.1.4.jar, C:\Users\shubh\.m2\repository\org\springframework\spring-context\6.1.4\spring-context-6.1.4.jar, C:\Users\shubh\.m2\repository\org\springframework\spring-tx\6.1.4\spring-tx-6.1.4.jar, C:\Users\shubh\.m2\repository\org\springframework\spring-beans\6.1.4\spring-beans-6.1.4.jar, C:\Users\shubh\.m2\repository\org\springframework\spring-aspects\6.1.4\spring-aspects-6.1.4.jar, C:\Users\shubh\.m2\repository\org\postgresql\postgresql\42.6.1\postgresql-42.6.1.jar, C:\Users\shubh\.m2\repository\org\checkerframework\checker-qual\3.31.0\checker-qual-3.31.0.jar, C:\Users\shubh\.m2\repository\org\springframework\boot\spring-boot-starter-web\3.2.3\spring-boot-starter-web-3.2.3.jar, C:\Users\shubh\.m2\repository\org\springframework\boot\spring-boot-starter-json\3.2.3\spring-boot-starter-json-3.2.3.jar, C:\Users\shubh\.m2\repository\com\fasterxml\jackson\datatype\jackson-datatype-jdk8\2.15.4\jackson-datatype-jdk8-2.15.4.jar, C:\Users\shubh\.m2\repository\com\fasterxml\jackson\module\jackson-module-parameter-names\2.15.4\jackson-module-parameter-names-2.15.4.jar, C:\Users\shubh\.m2\repository\org\springframework\boot\spring-boot-starter-tomcat\3.2.3\spring-boot-starter-tomcat-3.2.3.jar, C:\Users\shubh\.m2\repository\org\apache\tomcat\embed\tomcat-embed-core\10.1.19\tomcat-embed-core-10.1.19.jar, C:\Users\shubh\.m2\repository\org\apache\tomcat\embed\tomcat-embed-el\10.1.19\tomcat-embed-el-10.1.19.jar, C:\Users\shubh\.m2\repository\org\apache\tomcat\embed\tomcat-embed-websocket\10.1.19\tomcat-embed-websocket-10.1.19.jar, C:\Users\shubh\.m2\repository\org\springframework\spring-web\6.1.4\spring-web-6.1.4.jar, C:\Users\shubh\.m2\repository\org\springframework\spring-webmvc\6.1.4\spring-webmvc-6.1.4.jar, C:\Users\shubh\.m2\repository\org\springframework\spring-expression\6.1.4\spring-expression-6.1.4.jar, C:\Users\shubh\.m2\repository\org\springframework\boot\spring-boot-starter-thymeleaf\3.2.3\spring-boot-starter-thymeleaf-3.2.3.jar, C:\Users\shubh\.m2\repository\org\thymeleaf\thymeleaf-spring6\3.1.2.RELEASE\thymeleaf-spring6-3.1.2.RELEASE.jar, C:\Users\shubh\.m2\repository\org\thymeleaf\thymeleaf\3.1.2.RELEASE\thymeleaf-3.1.2.RELEASE.jar, C:\Users\shubh\.m2\repository\org\attoparser\attoparser\2.0.7.RELEASE\attoparser-2.0.7.RELEASE.jar, C:\Users\shubh\.m2\repository\org\unbescape\unbescape\1.1.6.RELEASE\unbescape-1.1.6.RELEASE.jar, C:\Users\shubh\.m2\repository\org\springframework\boot\spring-boot-starter-security\3.2.3\spring-boot-starter-security-3.2.3.jar, C:\Users\shubh\.m2\repository\org\springframework\spring-aop\6.1.4\spring-aop-6.1.4.jar, C:\Users\shubh\.m2\repository\org\springframework\security\spring-security-config\6.2.2\spring-security-config-6.2.2.jar, C:\Users\shubh\.m2\repository\org\springframework\security\spring-security-web\6.2.2\spring-security-web-6.2.2.jar, C:\Users\shubh\.m2\repository\org\springframework\boot\spring-boot-starter-oauth2-client\3.2.3\spring-boot-starter-oauth2-client-3.2.3.jar, C:\Users\shubh\.m2\repository\org\springframework\security\spring-security-core\6.2.2\spring-security-core-6.2.2.jar, C:\Users\shubh\.m2\repository\org\springframework\security\spring-security-crypto\6.2.2\spring-security-crypto-6.2.2.jar, C:\Users\shubh\.m2\repository\org\springframework\security\spring-security-oauth2-client\6.2.2\spring-security-oauth2-client-6.2.2.jar, C:\Users\shubh\.m2\repository\org\springframework\security\spring-security-oauth2-core\6.2.2\spring-security-oauth2-core-6.2.2.jar, C:\Users\shubh\.m2\repository\com\nimbusds\oauth2-oidc-sdk\9.43.3\oauth2-oidc-sdk-9.43.3.jar, C:\Users\shubh\.m2\repository\com\github\stephenc\jcip\jcip-annotations\1.0-1\jcip-annotations-1.0-1.jar, C:\Users\shubh\.m2\repository\com\nimbusds\content-type\2.2\content-type-2.2.jar, C:\Users\shubh\.m2\repository\net\minidev\json-smart\2.5.0\json-smart-2.5.0.jar, C:\Users\shubh\.m2\repository\net\minidev\accessors-smart\2.5.0\accessors-smart-2.5.0.jar, C:\Users\shubh\.m2\repository\org\ow2\asm\asm\9.3\asm-9.3.jar, C:\Users\shubh\.m2\repository\com\nimbusds\lang-tag\1.7\lang-tag-1.7.jar, C:\Users\shubh\.m2\repository\org\springframework\security\spring-security-oauth2-jose\6.2.2\spring-security-oauth2-jose-6.2.2.jar, C:\Users\shubh\.m2\repository\com\nimbusds\nimbus-jose-jwt\9.24.4\nimbus-jose-jwt-9.24.4.jar, C:\Users\shubh\.m2\repository\org\thymeleaf\extras\thymeleaf-extras-springsecurity6\3.1.2.RELEASE\thymeleaf-extras-springsecurity6-3.1.2.RELEASE.jar, C:\Users\shubh\.m2\repository\org\slf4j\slf4j-api\2.0.12\slf4j-api-2.0.12.jar, C:\Users\shubh\.m2\repository\org\apache\pdfbox\pdfbox\2.0.30\pdfbox-2.0.30.jar, C:\Users\shubh\.m2\repository\org\apache\pdfbox\fontbox\2.0.30\fontbox-2.0.30.jar, C:\Users\shubh\.m2\repository\commons-logging\commons-logging\1.2\commons-logging-1.2.jar, C:\Users\shubh\.m2\repository\org\json\json\20231013\json-20231013.jar]
[DEBUG]   (f) useIncrementalCompilation = true
[DEBUG]   (f) useModulePath = true
[DEBUG]   (f) verbose = false
[DEBUG] -- end configuration --
[DEBUG] Using compiler 'javac'.
[INFO] No sources to compile
[INFO] 
[INFO] <<< spring-boot:3.2.3:run (default-cli) < test-compile @ my-pdf-db <<<
[INFO] 
[INFO] 
[INFO] --- spring-boot:3.2.3:run (default-cli) @ my-pdf-db ---
[DEBUG] Dependency collection stats {ConflictMarker.analyzeTime=230600, ConflictMarker.markTime=83300, ConflictMarker.nodeCount=56, ConflictIdSorter.graphTime=83100, ConflictIdSorter.topsortTime=37500, ConflictIdSorter.conflictIdCount=39, ConflictIdSorter.conflictIdCycleCount=0, ConflictResolver.totalTime=2623400, ConflictResolver.conflictItemCount=55, DfDependencyCollector.collectTime=131168500, DfDependencyCollector.transformTime=3101100}
[DEBUG] org.springframework.boot:spring-boot-maven-plugin:jar:3.2.3
[DEBUG]    org.springframework.boot:spring-boot-buildpack-platform:jar:3.2.3:runtime
[DEBUG]       com.fasterxml.jackson.core:jackson-databind:jar:2.14.2:runtime
[DEBUG]          com.fasterxml.jackson.core:jackson-annotations:jar:2.14.2:runtime
[DEBUG]          com.fasterxml.jackson.core:jackson-core:jar:2.14.2:runtime
[DEBUG]       com.fasterxml.jackson.module:jackson-module-parameter-names:jar:2.14.2:runtime
[DEBUG]       net.java.dev.jna:jna-platform:jar:5.13.0:runtime
[DEBUG]          net.java.dev.jna:jna:jar:5.13.0:runtime
[DEBUG]       org.apache.commons:commons-compress:jar:1.21:runtime
[DEBUG]       org.apache.httpcomponents.client5:httpclient5:jar:5.2.3:runtime
[DEBUG]          org.apache.httpcomponents.core5:httpcore5:jar:5.2.4:runtime
[DEBUG]          org.apache.httpcomponents.core5:httpcore5-h2:jar:5.2.4:runtime
[DEBUG]       org.springframework:spring-core:jar:6.0.10:runtime
[DEBUG]          org.springframework:spring-jcl:jar:6.0.10:runtime
[DEBUG]       org.tomlj:tomlj:jar:1.0.0:runtime
[DEBUG]          org.antlr:antlr4-runtime:jar:4.7.2:runtime
[DEBUG]          com.google.code.findbugs:jsr305:jar:3.0.2:runtime
[DEBUG]    org.springframework.boot:spring-boot-loader-tools:jar:3.2.3:runtime
[DEBUG]    org.apache.maven.shared:maven-common-artifact-filters:jar:3.3.2:runtime
[DEBUG]       org.slf4j:slf4j-api:jar:1.7.36:compile
[DEBUG]    org.springframework:spring-context:jar:6.1.4:runtime
[DEBUG]       org.springframework:spring-aop:jar:6.1.4:runtime
[DEBUG]       org.springframework:spring-beans:jar:6.1.4:runtime
[DEBUG]       org.springframework:spring-expression:jar:6.1.4:runtime
[DEBUG]       io.micrometer:micrometer-observation:jar:1.12.3:runtime
[DEBUG]          io.micrometer:micrometer-commons:jar:1.12.3:runtime
[DEBUG]    org.sonatype.plexus:plexus-build-api:jar:0.0.7:runtime
[DEBUG]       org.codehaus.plexus:plexus-utils:jar:1.5.8:compile
[DEBUG]    org.apache.maven.plugins:maven-shade-plugin:jar:3.5.0:compile (optional)
[DEBUG]       org.ow2.asm:asm:jar:9.5:compile (optional)
[DEBUG]       org.ow2.asm:asm-commons:jar:9.5:compile (optional)
[DEBUG]          org.ow2.asm:asm-tree:jar:9.5:compile (optional)
[DEBUG]       org.jdom:jdom2:jar:2.0.6.1:compile (optional)
[DEBUG]       org.apache.maven.shared:maven-dependency-tree:jar:3.2.1:compile (optional)
[DEBUG]          org.eclipse.aether:aether-util:jar:1.0.0.v20140518:compile (optional)
[DEBUG]             org.eclipse.aether:aether-api:jar:1.0.0.v20140518:compile (optional)
[DEBUG]       commons-io:commons-io:jar:2.13.0:compile (optional)
[DEBUG]       org.vafer:jdependency:jar:2.8.0:compile (optional)
[DEBUG]       org.apache.commons:commons-collections4:jar:4.4:compile (optional)
[DEBUG] Created new class realm plugin>org.springframework.boot:spring-boot-maven-plugin:3.2.3
[DEBUG] Importing foreign packages into class realm plugin>org.springframework.boot:spring-boot-maven-plugin:3.2.3
[DEBUG]   Imported:  < maven.api
[DEBUG] Populating class realm plugin>org.springframework.boot:spring-boot-maven-plugin:3.2.3
[DEBUG]   Included: org.springframework.boot:spring-boot-maven-plugin:jar:3.2.3
[DEBUG]   Included: org.springframework.boot:spring-boot-buildpack-platform:jar:3.2.3
[DEBUG]   Included: com.fasterxml.jackson.core:jackson-databind:jar:2.14.2
[DEBUG]   Included: com.fasterxml.jackson.core:jackson-annotations:jar:2.14.2
[DEBUG]   Included: com.fasterxml.jackson.core:jackson-core:jar:2.14.2
[DEBUG]   Included: com.fasterxml.jackson.module:jackson-module-parameter-names:jar:2.14.2
[DEBUG]   Included: net.java.dev.jna:jna-platform:jar:5.13.0
[DEBUG]   Included: net.java.dev.jna:jna:jar:5.13.0
[DEBUG]   Included: org.apache.commons:commons-compress:jar:1.21
[DEBUG]   Included: org.apache.httpcomponents.client5:httpclient5:jar:5.2.3
[DEBUG]   Included: org.apache.httpcomponents.core5:httpcore5:jar:5.2.4
[DEBUG]   Included: org.apache.httpcomponents.core5:httpcore5-h2:jar:5.2.4
[DEBUG]   Included: org.springframework:spring-core:jar:6.0.10
[DEBUG]   Included: org.springframework:spring-jcl:jar:6.0.10
[DEBUG]   Included: org.tomlj:tomlj:jar:1.0.0
[DEBUG]   Included: org.antlr:antlr4-runtime:jar:4.7.2
[DEBUG]   Included: com.google.code.findbugs:jsr305:jar:3.0.2
[DEBUG]   Included: org.springframework.boot:spring-boot-loader-tools:jar:3.2.3
[DEBUG]   Included: org.apache.maven.shared:maven-common-artifact-filters:jar:3.3.2
[DEBUG]   Included: org.springframework:spring-context:jar:6.1.4
[DEBUG]   Included: org.springframework:spring-aop:jar:6.1.4
[DEBUG]   Included: org.springframework:spring-beans:jar:6.1.4
[DEBUG]   Included: org.springframework:spring-expression:jar:6.1.4
[DEBUG]   Included: io.micrometer:micrometer-observation:jar:1.12.3
[DEBUG]   Included: io.micrometer:micrometer-commons:jar:1.12.3
[DEBUG]   Included: org.sonatype.plexus:plexus-build-api:jar:0.0.7
[DEBUG]   Included: org.codehaus.plexus:plexus-utils:jar:1.5.8
[DEBUG]   Included: org.apache.maven.plugins:maven-shade-plugin:jar:3.5.0
[DEBUG]   Included: org.ow2.asm:asm:jar:9.5
[DEBUG]   Included: org.ow2.asm:asm-commons:jar:9.5
[DEBUG]   Included: org.ow2.asm:asm-tree:jar:9.5
[DEBUG]   Included: org.jdom:jdom2:jar:2.0.6.1
[DEBUG]   Included: org.apache.maven.shared:maven-dependency-tree:jar:3.2.1
[DEBUG]   Included: commons-io:commons-io:jar:2.13.0
[DEBUG]   Included: org.vafer:jdependency:jar:2.8.0
[DEBUG]   Included: org.apache.commons:commons-collections4:jar:4.4
[DEBUG] Loading mojo org.springframework.boot:spring-boot-maven-plugin:3.2.3:run from plugin realm ClassRealm[plugin>org.springframework.boot:spring-boot-maven-plugin:3.2.3, parent: jdk.internal.loader.ClassLoaders$AppClassLoader@5c647e05]
[DEBUG] Configuring mojo execution 'org.springframework.boot:spring-boot-maven-plugin:3.2.3:run:default-cli' with basic configurator -->
[DEBUG]   (f) addResources = false
[DEBUG]   (f) additionalClasspathElements = []
[DEBUG]   (f) agents = []
[DEBUG]   (f) classesDirectory = D:\my-pdf-db\target\classes
[DEBUG]   (f) directories = []
[DEBUG]   (f) excludes = []
[DEBUG]   (f) includes = []
[DEBUG]   (f) optimizedLaunch = true
[DEBUG]   (f) profiles = []
[DEBUG]   (f) project = MavenProject: com.example:my-pdf-db:1.0-SNAPSHOT @ D:\my-pdf-db\pom.xml
[DEBUG]   (f) session = org.apache.maven.execution.MavenSession@2d64160c
[DEBUG]   (f) skip = false
[DEBUG]   (f) useTestClasspath = false
[DEBUG] -- end configuration --
[INFO] Attaching agents: []
[DEBUG] JVM argument(s): -XX:TieredStopAtLevel=1
[DEBUG] Classpath for forked process: D:\my-pdf-db\target\classes;C:\Users\shubh\.m2\repository\org\springframework\boot\spring-boot\3.2.3\spring-boot-3.2.3.jar;C:\Users\shubh\.m2\repository\org\springframework\boot\spring-boot-autoconfigure\3.2.3\spring-boot-autoconfigure-3.2.3.jar;C:\Users\shubh\.m2\repository\ch\qos\logback\logback-classic\1.4.14\logback-classic-1.4.14.jar;C:\Users\shubh\.m2\repository\ch\qos\logback\logback-core\1.4.14\logback-core-1.4.14.jar;C:\Users\shubh\.m2\repository\org\apache\logging\log4j\log4j-to-slf4j\2.21.1\log4j-to-slf4j-2.21.1.jar;C:\Users\shubh\.m2\repository\org\apache\logging\log4j\log4j-api\2.21.1\log4j-api-2.21.1.jar;C:\Users\shubh\.m2\repository\org\slf4j\jul-to-slf4j\2.0.12\jul-to-slf4j-2.0.12.jar;C:\Users\shubh\.m2\repository\jakarta\annotation\jakarta.annotation-api\2.1.1\jakarta.annotation-api-2.1.1.jar;C:\Users\shubh\.m2\repository\org\springframework\spring-core\6.1.4\spring-core-6.1.4.jar;C:\Users\shubh\.m2\repository\org\springframework\spring-jcl\6.1.4\spring-jcl-6.1.4.jar;C:\Users\shubh\.m2\repository\org\yaml\snakeyaml\2.2\snakeyaml-2.2.jar;C:\Users\shubh\.m2\repository\org\springframework\boot\spring-boot-actuator-autoconfigure\3.2.3\spring-boot-actuator-autoconfigure-3.2.3.jar;C:\Users\shubh\.m2\repository\org\springframework\boot\spring-boot-actuator\3.2.3\spring-boot-actuator-3.2.3.jar;C:\Users\shubh\.m2\repository\com\fasterxml\jackson\core\jackson-databind\2.15.4\jackson-databind-2.15.4.jar;C:\Users\shubh\.m2\repository\com\fasterxml\jackson\core\jackson-annotations\2.15.4\jackson-annotations-2.15.4.jar;C:\Users\shubh\.m2\repository\com\fasterxml\jackson\core\jackson-core\2.15.4\jackson-core-2.15.4.jar;C:\Users\shubh\.m2\repository\com\fasterxml\jackson\datatype\jackson-datatype-jsr310\2.15.4\jackson-datatype-jsr310-2.15.4.jar;C:\Users\shubh\.m2\repository\io\micrometer\micrometer-observation\1.12.3\micrometer-observation-1.12.3.jar;C:\Users\shubh\.m2\repository\io\micrometer\micrometer-commons\1.12.3\micrometer-commons-1.12.3.jar;C:\Users\shubh\.m2\repository\io\micrometer\micrometer-jakarta9\1.12.3\micrometer-jakarta9-1.12.3.jar;C:\Users\shubh\.m2\repository\io\micrometer\micrometer-core\1.12.3\micrometer-core-1.12.3.jar;C:\Users\shubh\.m2\repository\org\hdrhistogram\HdrHistogram\2.1.12\HdrHistogram-2.1.12.jar;C:\Users\shubh\.m2\repository\org\latencyutils\LatencyUtils\2.0.3\LatencyUtils-2.0.3.jar;C:\Users\shubh\.m2\repository\org\aspectj\aspectjweaver\1.9.21\aspectjweaver-1.9.21.jar;C:\Users\shubh\.m2\repository\com\zaxxer\HikariCP\5.0.1\HikariCP-5.0.1.jar;C:\Users\shubh\.m2\repository\org\springframework\spring-jdbc\6.1.4\spring-jdbc-6.1.4.jar;C:\Users\shubh\.m2\repository\org\hibernate\orm\hibernate-core\6.4.4.Final\hibernate-core-6.4.4.Final.jar;C:\Users\shubh\.m2\repository\jakarta\persistence\jakarta.persistence-api\3.1.0\jakarta.persistence-api-3.1.0.jar;C:\Users\shubh\.m2\repository\jakarta\transaction\jakarta.transaction-api\2.0.1\jakarta.transaction-api-2.0.1.jar;C:\Users\shubh\.m2\repository\org\jboss\logging\jboss-logging\3.5.3.Final\jboss-logging-3.5.3.Final.jar;C:\Users\shubh\.m2\repository\org\hibernate\common\hibernate-commons-annotations\6.0.6.Final\hibernate-commons-annotations-6.0.6.Final.jar;C:\Users\shubh\.m2\repository\io\smallrye\jandex\3.1.2\jandex-3.1.2.jar;C:\Users\shubh\.m2\repository\com\fasterxml\classmate\1.6.0\classmate-1.6.0.jar;C:\Users\shubh\.m2\repository\net\bytebuddy\byte-buddy\1.14.12\byte-buddy-1.14.12.jar;C:\Users\shubh\.m2\repository\jakarta\xml\bind\jakarta.xml.bind-api\4.0.1\jakarta.xml.bind-api-4.0.1.jar;C:\Users\shubh\.m2\repository\jakarta\activation\jakarta.activation-api\2.1.2\jakarta.activation-api-2.1.2.jar;C:\Users\shubh\.m2\repository\org\glassfish\jaxb\jaxb-runtime\4.0.4\jaxb-runtime-4.0.4.jar;C:\Users\shubh\.m2\repository\org\glassfish\jaxb\jaxb-core\4.0.4\jaxb-core-4.0.4.jar;C:\Users\shubh\.m2\repository\org\eclipse\angus\angus-activation\2.0.1\angus-activation-2.0.1.jar;C:\Users\shubh\.m2\repository\org\glassfish\jaxb\txw2\4.0.4\txw2-4.0.4.jar;C:\Users\shubh\.m2\repository\com\sun\istack\istack-commons-runtime\4.1.2\istack-commons-runtime-4.1.2.jar;C:\Users\shubh\.m2\repository\jakarta\inject\jakarta.inject-api\2.0.1\jakarta.inject-api-2.0.1.jar;C:\Users\shubh\.m2\repository\org\antlr\antlr4-runtime\4.13.0\antlr4-runtime-4.13.0.jar;C:\Users\shubh\.m2\repository\org\springframework\data\spring-data-jpa\3.2.3\spring-data-jpa-3.2.3.jar;C:\Users\shubh\.m2\repository\org\springframework\data\spring-data-commons\3.2.3\spring-data-commons-3.2.3.jar;C:\Users\shubh\.m2\repository\org\springframework\spring-orm\6.1.4\spring-orm-6.1.4.jar;C:\Users\shubh\.m2\repository\org\springframework\spring-context\6.1.4\spring-context-6.1.4.jar;C:\Users\shubh\.m2\repository\org\springframework\spring-tx\6.1.4\spring-tx-6.1.4.jar;C:\Users\shubh\.m2\repository\org\springframework\spring-beans\6.1.4\spring-beans-6.1.4.jar;C:\Users\shubh\.m2\repository\org\springframework\spring-aspects\6.1.4\spring-aspects-6.1.4.jar;C:\Users\shubh\.m2\repository\org\postgresql\postgresql\42.6.1\postgresql-42.6.1.jar;C:\Users\shubh\.m2\repository\org\checkerframework\checker-qual\3.31.0\checker-qual-3.31.0.jar;C:\Users\shubh\.m2\repository\com\fasterxml\jackson\datatype\jackson-datatype-jdk8\2.15.4\jackson-datatype-jdk8-2.15.4.jar;C:\Users\shubh\.m2\repository\com\fasterxml\jackson\module\jackson-module-parameter-names\2.15.4\jackson-module-parameter-names-2.15.4.jar;C:\Users\shubh\.m2\repository\org\apache\tomcat\embed\tomcat-embed-core\10.1.19\tomcat-embed-core-10.1.19.jar;C:\Users\shubh\.m2\repository\org\apache\tomcat\embed\tomcat-embed-el\10.1.19\tomcat-embed-el-10.1.19.jar;C:\Users\shubh\.m2\repository\org\apache\tomcat\embed\tomcat-embed-websocket\10.1.19\tomcat-embed-websocket-10.1.19.jar;C:\Users\shubh\.m2\repository\org\springframework\spring-web\6.1.4\spring-web-6.1.4.jar;C:\Users\shubh\.m2\repository\org\springframework\spring-webmvc\6.1.4\spring-webmvc-6.1.4.jar;C:\Users\shubh\.m2\repository\org\springframework\spring-expression\6.1.4\spring-expression-6.1.4.jar;C:\Users\shubh\.m2\repository\org\thymeleaf\thymeleaf-spring6\3.1.2.RELEASE\thymeleaf-spring6-3.1.2.RELEASE.jar;C:\Users\shubh\.m2\repository\org\thymeleaf\thymeleaf\3.1.2.RELEASE\thymeleaf-3.1.2.RELEASE.jar;C:\Users\shubh\.m2\repository\org\attoparser\attoparser\2.0.7.RELEASE\attoparser-2.0.7.RELEASE.jar;C:\Users\shubh\.m2\repository\org\unbescape\unbescape\1.1.6.RELEASE\unbescape-1.1.6.RELEASE.jar;C:\Users\shubh\.m2\repository\org\springframework\spring-aop\6.1.4\spring-aop-6.1.4.jar;C:\Users\shubh\.m2\repository\org\springframework\security\spring-security-config\6.2.2\spring-security-config-6.2.2.jar;C:\Users\shubh\.m2\repository\org\springframework\security\spring-security-web\6.2.2\spring-security-web-6.2.2.jar;C:\Users\shubh\.m2\repository\org\springframework\security\spring-security-core\6.2.2\spring-security-core-6.2.2.jar;C:\Users\shubh\.m2\repository\org\springframework\security\spring-security-crypto\6.2.2\spring-security-crypto-6.2.2.jar;C:\Users\shubh\.m2\repository\org\springframework\security\spring-security-oauth2-client\6.2.2\spring-security-oauth2-client-6.2.2.jar;C:\Users\shubh\.m2\repository\org\springframework\security\spring-security-oauth2-core\6.2.2\spring-security-oauth2-core-6.2.2.jar;C:\Users\shubh\.m2\repository\com\nimbusds\oauth2-oidc-sdk\9.43.3\oauth2-oidc-sdk-9.43.3.jar;C:\Users\shubh\.m2\repository\com\github\stephenc\jcip\jcip-annotations\1.0-1\jcip-annotations-1.0-1.jar;C:\Users\shubh\.m2\repository\com\nimbusds\content-type\2.2\content-type-2.2.jar;C:\Users\shubh\.m2\repository\net\minidev\json-smart\2.5.0\json-smart-2.5.0.jar;C:\Users\shubh\.m2\repository\net\minidev\accessors-smart\2.5.0\accessors-smart-2.5.0.jar;C:\Users\shubh\.m2\repository\org\ow2\asm\asm\9.3\asm-9.3.jar;C:\Users\shubh\.m2\repository\com\nimbusds\lang-tag\1.7\lang-tag-1.7.jar;C:\Users\shubh\.m2\repository\org\springframework\security\spring-security-oauth2-jose\6.2.2\spring-security-oauth2-jose-6.2.2.jar;C:\Users\shubh\.m2\repository\com\nimbusds\nimbus-jose-jwt\9.24.4\nimbus-jose-jwt-9.24.4.jar;C:\Users\shubh\.m2\repository\org\thymeleaf\extras\thymeleaf-extras-springsecurity6\3.1.2.RELEASE\thymeleaf-extras-springsecurity6-3.1.2.RELEASE.jar;C:\Users\shubh\.m2\repository\org\slf4j\slf4j-api\2.0.12\slf4j-api-2.0.12.jar;C:\Users\shubh\.m2\repository\org\apache\pdfbox\pdfbox\2.0.30\pdfbox-2.0.30.jar;C:\Users\shubh\.m2\repository\org\apache\pdfbox\fontbox\2.0.30\fontbox-2.0.30.jar;C:\Users\shubh\.m2\repository\commons-logging\commons-logging\1.2\commons-logging-1.2.jar;C:\Users\shubh\.m2\repository\org\json\json\20231013\json-20231013.jar
[DEBUG] Application argument(s): 
[DEBUG] Environment variable(s): 

  .   ____          _            __ _ _
 /\\ / ___'_ __ _ _(_)_ __  __ _ \ \ \ \
( ( )\___ | '_ | '_| | '_ \/ _` | \ \ \ \
 \\/  ___)| |_)| | | | | || (_| |  ) ) ) )
  '  |____| .__|_| |_|_| |_\__, | / / / /
 =========|_|==============|___/=/_/_/_/
 :: Spring Boot ::                (v3.2.3)

2026-04-06T00:40:18.584+05:30  INFO 41736 --- [           main] com.example.DatabaseSetup                : Starting DatabaseSetup using Java 21.0.9 with PID 41736 (D:\my-pdf-db\target\classes started by shubh in D:\my-pdf-db)
2026-04-06T00:40:18.585+05:30  INFO 41736 --- [           main] com.example.DatabaseSetup                : No active profile set, falling back to 1 default profile: "default"
2026-04-06T00:40:19.102+05:30  INFO 41736 --- [           main] .s.d.r.c.RepositoryConfigurationDelegate : Bootstrapping Spring Data JPA repositories in DEFAULT mode.
2026-04-06T00:40:19.134+05:30  INFO 41736 --- [           main] .s.d.r.c.RepositoryConfigurationDelegate : Finished Spring Data repository scanning in 28 ms. Found 1 JPA repository interface.
2026-04-06T00:40:19.502+05:30  INFO 41736 --- [           main] o.hibernate.jpa.internal.util.LogHelper  : HHH000204: Processing PersistenceUnitInfo [name: default]
2026-04-06T00:40:19.533+05:30  INFO 41736 --- [           main] org.hibernate.Version                    : HHH000412: Hibernate ORM core version 6.4.4.Final
2026-04-06T00:40:19.553+05:30  INFO 41736 --- [           main] o.h.c.internal.RegionFactoryInitiator    : HHH000026: Second-level cache disabled
2026-04-06T00:40:19.696+05:30  INFO 41736 --- [           main] o.s.o.j.p.SpringPersistenceUnitInfo      : No LoadTimeWeaver setup: ignoring JPA class transformer
2026-04-06T00:40:19.712+05:30  INFO 41736 --- [           main] com.zaxxer.hikari.HikariDataSource       : HikariPool-1 - Starting...
2026-04-06T00:40:19.843+05:30  INFO 41736 --- [           main] com.zaxxer.hikari.pool.HikariPool        : HikariPool-1 - Added connection org.postgresql.jdbc.PgConnection@6fbf5db2
2026-04-06T00:40:19.843+05:30  INFO 41736 --- [           main] com.zaxxer.hikari.HikariDataSource       : HikariPool-1 - Start completed.
2026-04-06T00:40:19.864+05:30  WARN 41736 --- [           main] org.hibernate.orm.deprecation            : HHH90000025: PostgreSQLDialect does not need to be specified explicitly using 'hibernate.dialect' (remove the property setting and it will be selected by default)
2026-04-06T00:40:20.362+05:30  INFO 41736 --- [           main] o.h.e.t.j.p.i.JtaPlatformInitiator       : HHH000489: No JTA platform available (set 'hibernate.transaction.jta.platform' to enable JTA platform integration)
2026-04-06T00:40:20.362+05:30  INFO 41736 --- [           main] j.LocalContainerEntityManagerFactoryBean : Initialized JPA EntityManagerFactory for persistence unit 'default'
2026-04-06T00:40:20.852+05:30  WARN 41736 --- [           main] ion$DefaultTemplateResolverConfiguration : Cannot find template location: classpath:/templates/ (please add some templates, check your Thymeleaf configuration, or set spring.thymeleaf.check-template-location=false)
2026-04-06T00:40:20.909+05:30  INFO 41736 --- [           main] com.example.DatabaseSetup                : Started DatabaseSetup in 2.539 seconds (process running for 2.78)
Starting PDF ingestion from: D:/my-pdf-db/JAVA DATABASE
  Skipped (duplicate): 4th sem end term B.Tech  Petroleum  Jun & July 2022.pdf
  Skipped (duplicate): 4th sem end term B.Tech Biotech Jun & July 2022.pdf
  Skipped (duplicate): 4th sem end term B.Tech Civil  Jun & July 2022.pdf
  Skipped (duplicate): 4th sem end term B.Tech CS  Jun & July 2022.pdf
  Skipped (duplicate): 4th sem end term B.Tech ECE  Jun & July 2022.pdf
  Skipped (duplicate): 4th sem end term B.Tech EEE  Jun & July 2022.pdf
  Skipped (duplicate): 4th sem end term B.Tech ME  Jun & July 2022.pdf
  Skipped (duplicate): 4TH SEM END TERM JUNE 2023 BIOTECHNOLOGY.pdf
  Skipped (duplicate): 4TH SEM END TERM JUNE 2023 CIVIL.pdf
  Skipped (duplicate): 4TH SEM END TERM JUNE 2023 CSE.pdf
  Skipped (duplicate): 4TH SEM END TERM JUNE 2023 ECE.pdf
  Skipped (duplicate): 4TH SEM END TERM JUNE 2023 EE.pdf
  Skipped (duplicate): 4TH SEM END TERM JUNE 2023 ME.pdf
  Skipped (duplicate): 4TH SEM END TERM JUNE 2023 PETROLEUM.pdf
  Skipped (duplicate): 4TH SEM END TERM JUN 2024  BTECH ME.pdf
  Skipped (duplicate): 4TH SEM END TERM JUN 2024 B.TECH PETROLEUM.pdf
  Skipped (duplicate): 4TH SEM END TERM JUN 2024 BTECH BIOTECH.pdf
  Skipped (duplicate): 4TH SEM END TERM JUN 2024 BTECH CIVIL ENGINEERING.pdf
  Skipped (duplicate): 4TH SEM END TERM JUN 2024 CSE.pdf
  Skipped (duplicate): 4TH SEM END TERM JUN 2024 ECE.pdf
  Skipped (duplicate): 4TH SEM END TERM JUN 2024 EE.pdf
  Skipped (duplicate): 4TH SEM MID TERM 2023 B.TECH BIOTECH.pdf
  Skipped (duplicate): 4TH SEM MID TERM 2023 B.TECH CIVIL.pdf
  Skipped (duplicate): 4TH SEM MID TERM 2023 B.TECH CS.pdf
  Skipped (duplicate): 4TH SEM MID TERM 2023 B.TECH ECE.pdf
  Skipped (duplicate): 4TH SEM MID TERM 2023 B.TECH EE.pdf
  Skipped (duplicate): 4TH SEM MID TERM 2023 B.TECH ME.pdf
  Skipped (duplicate): 4TH SEM MID TERM 2023 B.TECH PETROLEUM.pdf
  Skipped (duplicate): 4th Sem Mid Term March 2024  CIVIL.pdf
  Skipped (duplicate): 4th Sem Mid Term March 2024 B.TECH CSE.pdf
  Skipped (duplicate): 4th Sem Mid Term March 2024 B.TECH ME.pdf
  Skipped (duplicate): 4th Sem Mid Term March 2024 BTECH BIOTECH 2.pdf
  Skipped (duplicate): 4th Sem Mid Term March 2024 BTECH BIOTECH.pdf
  Skipped (duplicate): 4th Sem Mid Term March 2024 BTECH ECE.pdf
  Skipped (duplicate): 4th Sem Mid Term March 2024 EE.pdf
  Skipped (duplicate): 4th Sem Mid Term March 2024 PETROLEUM.pdf
  Skipped (duplicate): BTECH AE TAS 411 INTRO TO UNMANNED AERIAL SYSTEM.pdf
  Skipped (duplicate): BTECH AE TAS406 SOLID MECHANICS.pdf
  Skipped (duplicate): BTECH AEROSPACE ENGG TAS405 AEROSPACE MATERIALS AND MANUFACTUING TECH.pdf
  Skipped (duplicate): BTECH AEROSPACE TAS 404 AIRCRAFT PERFORMANCE.pdf
  Skipped (duplicate): BTECH BIOTECH TBT 404 BIOANALYTICAL TECHNIQUE.pdf
  Skipped (duplicate): BTECH BIOTECHNOLOGY TBT406 ENVIRONMENTAL BIOTECHNOLOGY.pdf
  Skipped (duplicate): BTECH BIOTECHNOLOGY TBT407 WASTE MANAGEMENT AND UPCYCLING.pdf
  Skipped (duplicate): BTECH BT TBT 405 ACADEMIC PAPER WRITING AND IPR.pdf
  Skipped (duplicate): BTECH BT TBT403 BIOPROCESS ENGG.pdf
  Skipped (duplicate): BTECH BT TBT408B PROGRAMMING FOR COMPUTATIONAL BIOLOGY.pdf
  Skipped (duplicate): BTECH BT TBT408C BIORESOURCES TECHNOLOGY FOR SUSTAINABLE DEVELOPMENT.pdf
  Skipped (duplicate): BTECH CE BASIC GEOGRAPHICAL INFORMATION SYSTEMS.pdf
  Skipped (duplicate): BTECH CE TCE401 HYDRAULICS & HYDRAULIC MACHINE.pdf
  Skipped (duplicate): BTECH CE TCE412 FUNDAMENTAL GIS.pdf
  Skipped (duplicate): BTECH CE TCE439 TOWN URBAN PLANNING AND MANAGEMENT.pdf
  Skipped (duplicate): BTECH CSE TCS403 MICROPROCESSORS.pdf
  Skipped (duplicate): BTECH ECE ESR TEC451 INTRO TO ROBOTICS.pdf
  Skipped (duplicate): BTECH ECE IOT TEC491 SENSORS AND SIGNAL CONDITIONING.pdf
  Skipped (duplicate): BTECH ECE TEC401 COMMUNI SYSTEM 1.pdf
  Skipped (duplicate): BTECH ECE TEC402 ANALOG INTEGRATED CIRCUITS.pdf
  Skipped (duplicate): BTECH ECE TEC404 ELECROMAGNATIC FIELD THEORY.pdf
  Skipped (duplicate): BTECH EE TEE402 INTRO TO ELECTRICAL ENERGY SOURCE.pdf
  Skipped (duplicate): BTECH EE TEE403 SIGNALS AND SYSTEMS.pdf
  Skipped (duplicate): BTECH EE TMA401 MATH-3.pdf
  Skipped (duplicate): BTECH ME TME 412 AUTOMOTIVE MATERIAL AND MAUFACTURING TECHNIQUES.pdf
  Skipped (duplicate): BTECH ME TME402 EMBEDDED SYSTEM.pdf
  Skipped (duplicate): BTECH PE TMA403 NUMERICAL & GEOSTATISTICAL.pdf
  Skipped (duplicate): BTECH PE TPE 401 PETROLEUM GEOLOGY.pdf
  Skipped (duplicate): BTECH PE TPE404 APPLIED SEDIEMENTOLOGY.pdf
  Skipped (duplicate): BTECH PE TPE405 ACADEMIC REPORT WRITING AND IPR.pdf
  Skipped (duplicate): BTECH PE TPE413 MUD LOGGING.pdf
  Skipped (duplicate): BTECH TAS401 ACADEMIC REPORT & IPR.pdf
  Skipped (duplicate): BTECH TAS412 INTRO TO SPACE SCIENCE.pdf
  Skipped (duplicate): BTECH TCE402 STRUCTURAL ANALYSIS.pdf
  Skipped (duplicate): BTECH TCS402 FINITE AUTOMATA & FORMAL LANG.pdf
  Skipped (duplicate): BTECH TCS408 PROGRAMMING IN JAVA.pdf
  Skipped (duplicate): BTECH TCS421 FUNDAMENTAL OF STATISTICS AND AI.pdf
  Skipped (duplicate): BTECH TCS464 DEEP LEARNING.pdf
  Skipped (duplicate): BTECH TME 407 FLUID MECHANICS AND FLUID MACHINES.pdf
  Skipped (duplicate): BTECH TME406 MECHANICS OF MATERIALS.pdf
  Skipped (duplicate): Syllabus-2023_compressed_new.pdf
  Skipped (duplicate): 4th sem end term B.Tech  Petroleum  Jun & July 2022.pdf
  Skipped (duplicate): 4th sem end term B.Tech Biotech Jun & July 2022.pdf
  Skipped (duplicate): 4th sem end term B.Tech Civil  Jun & July 2022.pdf
  Skipped (duplicate): 4th sem end term B.Tech CS  Jun & July 2022.pdf
  Skipped (duplicate): 4th sem end term B.Tech ECE  Jun & July 2022.pdf
  Skipped (duplicate): 4th sem end term B.Tech EEE  Jun & July 2022.pdf
  Skipped (duplicate): 4th sem end term B.Tech ME  Jun & July 2022.pdf
  Skipped (duplicate): 4TH SEM END TERM JUNE 2023 BIOTECHNOLOGY.pdf
  Skipped (duplicate): 4TH SEM END TERM JUNE 2023 CIVIL.pdf
  Skipped (duplicate): 4TH SEM END TERM JUNE 2023 CSE.pdf
  Skipped (duplicate): 4TH SEM END TERM JUNE 2023 ECE.pdf
  Skipped (duplicate): 4TH SEM END TERM JUNE 2023 EE.pdf
  Skipped (duplicate): 4TH SEM END TERM JUNE 2023 ME.pdf
  Skipped (duplicate): 4TH SEM END TERM JUNE 2023 PETROLEUM.pdf
  Skipped (duplicate): 4TH SEM END TERM JUN 2024  BTECH ME.pdf
  Skipped (duplicate): 4TH SEM END TERM JUN 2024 B.TECH PETROLEUM.pdf
  Skipped (duplicate): 4TH SEM END TERM JUN 2024 BTECH BIOTECH.pdf
  Skipped (duplicate): 4TH SEM END TERM JUN 2024 BTECH CIVIL ENGINEERING.pdf
  Skipped (duplicate): 4TH SEM END TERM JUN 2024 CSE.pdf
  Skipped (duplicate): 4TH SEM END TERM JUN 2024 ECE.pdf
  Skipped (duplicate): 4TH SEM END TERM JUN 2024 EE.pdf
  Skipped (duplicate): BTECH AEROSPACE ENGG  TAS401 ACADEMIC REPORT WRITING AND IPR.pdf
  Skipped (duplicate): BTECH AEROSPACE ENGG TAS402 AERODYNAMICS-1.pdf
  Skipped (duplicate): BTECH AEROSPACE ENGG TAS404 AIRCRAFT PERFORMANCE.pdf
  Skipped (duplicate): BTECH AEROSPACE ENGG TAS406 AEROSPACE MATERIALS AND MANUFACTURING TECHNOLOGY.pdf
  Skipped (duplicate): BTECH BIOTECH TBT408B PROGRAMMING FOR COMPUTATIONAL BIOLOGY.pdf
  Skipped (duplicate): BTECH BIOTECH TBT408C BIORESOURCE TECHNOLOGY FOR SUSTAINABLE DEVELOPMENT.pdf
  Skipped (duplicate): BTECH BIOTECHNOLOGY TBT401 RECOMBINANT DNA TECHNOLOGY.pdf
  Skipped (duplicate): BTECH BIOTECHNOLOGY TBT404 BIO-ANALYTICAL TECHNIQUE.pdf
  Skipped (duplicate): BTECH BIOTECHNOLOGY TBT405 ACADEMIC PAPER WRITING AND IPR.pdf
  Skipped (duplicate): BTECH BIOTECHNOLOGY TBT406 ENVIRONMENTAL BIOTECHNOLOGY.pdf
  Skipped (duplicate): BTECH BIOTECHNOLOGY TBT407 WASTE MANAGEMENT AND UPCYCLING.pdf
  Skipped (duplicate): BTECH BT TBT403 BIOPROCESS ENGG.pdf
  Skipped (duplicate): BTECH CE TCE401 HYDRAULICS AND HYDRAULIC MACHINES.pdf
  Skipped (duplicate): BTECH CE TCE404 CONCRETE TECHNOLOGY.pdf
  Skipped (duplicate): BTECH CE TCE412 FUNDAMENTALS OF GIS.pdf
  Skipped (duplicate): BTECH CIVIL ENGG TCE439 TOWN URBAN PLANNING AND MANAGEMENT.pdf
  Skipped (duplicate): BTECH CIVIL ENGG TCE499 BASIC GEOGRAPHICAL INFORMATION SYSTEM.pdf
  Skipped (duplicate): BTECH CIVIL TCE403 SOIL MECHANICS.pdf
  Skipped (duplicate): BTECH CSE BIOTECH TCS471 STATISTICAL DATA ANALYSIS WITH R.pdf
  Skipped (duplicate): BTECH CSE TCS403 MICROPROCESSORS.pdf
  Skipped (duplicate): BTECH CSE TCS409 DESIGN AND ANALYSIS OF ALGORITHMS.pdf
  Skipped (duplicate): BTECH CSE TCS421 FUNDAMENTALS OF STASTICS AND AI.pdf
  Skipped (duplicate): BTECH CSE TCS495 FUNDAMENTAL OF CYBER SECURITY.pdf
  Skipped (duplicate): BTECH ECE ESR TEC451 INTRODUCTION TO ROBOTICS.pdf
  Skipped (duplicate): BTECH ECE IOT TEC491 SENSORS AND SIGNAL CONDITIONING.pdf
  Skipped (duplicate): BTECH ECE TEC401 COMMUNICATION SYSTEMS-1.pdf
  Skipped (duplicate): BTECH ECE TEC402 ANALOG INTEGRATED CIRCUIT.pdf
  Skipped (duplicate): BTECH ECE TEC404 ELECTROMAGNETIC FIELD THEORY.pdf
  Skipped (duplicate): BTECH EE TEE402 INTRODUCTION TO ELECTRICAL ENERGY SOURCES.pdf
  Skipped (duplicate): BTECH EE TEE404 DIGITAL ELECTRONICS.pdf
  Skipped (duplicate): BTECH EE TMA401 MATHEMATICS-3.pdf
  Skipped (duplicate): BTECH EE VAC402 ELECTRICAL SAFETY.pdf
  Skipped (duplicate): BTECH INTRODUCTION TO UNMANNED AERIAL SYSTEM TAS411 .pdf
  Skipped (duplicate): BTECH ME TME402 EMBEDDED SYSTEM.pdf
  Skipped (duplicate): BTECH PE TMA403 NUMERICAL AND GEOSTATISTICAL METHODS.pdf
  Skipped (duplicate): BTECH PE TPE401 PETROLEUM GEOLOGY.pdf
  Skipped (duplicate): BTECH PE TPE402 RESERVOIR ENGINEERING.pdf
  Skipped (duplicate): BTECH PE TPE403 HEAT AND MASS TRANSFER.pdf
  Skipped (duplicate): BTECH PE TPE404 APPLIED SEDIMENTOLOGY.pdf
  Skipped (duplicate): BTECH TAS406 SOLID MECHANICS.pdf
  Skipped (duplicate): BTECH TAS412 INTRODUCTION TO SPACE SCIENCE.pdf
  Skipped (duplicate): BTECH TCE402 STRUCTURAL ANALYSIS-1.pdf
  Skipped (duplicate): BTECH TCS402 FINITE AUTOMATA & FORMAL LANGUAGE.pdf
  Skipped (duplicate): BTECH TCS408 JAVA PROGRAMMING.pdf
  Skipped (duplicate): BTECH TCS408 PROGRAMMING IN JAVA.pdf
  Skipped (duplicate): BTECH TCS451 VIRTUALIZATION AND CLOUD COMPUTING.pdf
  Skipped (duplicate): BTECH TCS464 DEEP LEARNING.pdf
  Skipped (duplicate): BTECH TME 407 FLUID MECHANICS AND FLUID MACHINES.pdf
  Skipped (duplicate): BTECH TME406 MECHANICS OF MATERIALS.pdf
  Skipped (duplicate): BTECH TME410 AUTOMATION IN PRODUCTION.pdf
  Skipped (duplicate): BTECH TME412 AUTOMOTIVE MATERIALS AND MANUFACTURING TECHNIQUES.pdf
  Skipped (duplicate): BTECH TPE405 ACADEMIC REPORT WRITING AND IPR.pdf
  Skipped (duplicate): BTECHEE TEE403 SIGNAL AND SYSTEMS.pdf
  Skipped (duplicate): 4TH SEM MID TERM 2023 B.TECH BIOTECH.pdf
  Skipped (duplicate): 4TH SEM MID TERM 2023 B.TECH CIVIL.pdf
  Skipped (duplicate): 4TH SEM MID TERM 2023 B.TECH CS.pdf
  Skipped (duplicate): 4TH SEM MID TERM 2023 B.TECH ECE.pdf
  Skipped (duplicate): 4TH SEM MID TERM 2023 B.TECH EE.pdf
  Skipped (duplicate): 4TH SEM MID TERM 2023 B.TECH ME.pdf
  Skipped (duplicate): 4TH SEM MID TERM 2023 B.TECH PETROLEUM.pdf
  Skipped (duplicate): 4th Sem Mid Term March 2024  CIVIL.pdf
  Skipped (duplicate): 4th Sem Mid Term March 2024 B.TECH CSE.pdf
  Skipped (duplicate): 4th Sem Mid Term March 2024 B.TECH ME.pdf
  Skipped (duplicate): 4th Sem Mid Term March 2024 BTECH BIOTECH 2.pdf
  Skipped (duplicate): 4th Sem Mid Term March 2024 BTECH BIOTECH.pdf
  Skipped (duplicate): 4th Sem Mid Term March 2024 BTECH ECE.pdf
  Skipped (duplicate): 4th Sem Mid Term March 2024 EE.pdf
  Skipped (duplicate): 4th Sem Mid Term March 2024 PETROLEUM.pdf
  Skipped (duplicate): BTECH AE TAS 411 INTRO TO UNMANNED AERIAL SYSTEM.pdf
  Skipped (duplicate): BTECH AE TAS406 SOLID MECHANICS.pdf
  Skipped (duplicate): BTECH AEROSPACE ENGG TAS405 AEROSPACE MATERIALS AND MANUFACTUING TECH.pdf
  Skipped (duplicate): BTECH AEROSPACE TAS 404 AIRCRAFT PERFORMANCE.pdf
  Skipped (duplicate): BTECH BIOTECH TBT 404 BIOANALYTICAL TECHNIQUE.pdf
  Skipped (duplicate): BTECH BIOTECHNOLOGY TBT406 ENVIRONMENTAL BIOTECHNOLOGY.pdf
  Skipped (duplicate): BTECH BIOTECHNOLOGY TBT407 WASTE MANAGEMENT AND UPCYCLING.pdf
  Skipped (duplicate): BTECH BT TBT 405 ACADEMIC PAPER WRITING AND IPR.pdf
  Skipped (duplicate): BTECH BT TBT403 BIOPROCESS ENGG.pdf
  Skipped (duplicate): BTECH BT TBT408B PROGRAMMING FOR COMPUTATIONAL BIOLOGY.pdf
  Skipped (duplicate): BTECH BT TBT408C BIORESOURCES TECHNOLOGY FOR SUSTAINABLE DEVELOPMENT.pdf
  Skipped (duplicate): BTECH CE BASIC GEOGRAPHICAL INFORMATION SYSTEMS.pdf
  Skipped (duplicate): BTECH CE TCE401 HYDRAULICS & HYDRAULIC MACHINE.pdf
  Skipped (duplicate): BTECH CE TCE412 FUNDAMENTAL GIS.pdf
  Skipped (duplicate): BTECH CE TCE439 TOWN URBAN PLANNING AND MANAGEMENT.pdf
  Skipped (duplicate): BTECH CSE TCS403 MICROPROCESSORS.pdf
  Skipped (duplicate): BTECH ECE ESR TEC451 INTRO TO ROBOTICS.pdf
  Skipped (duplicate): BTECH ECE IOT TEC491 SENSORS AND SIGNAL CONDITIONING.pdf
  Skipped (duplicate): BTECH ECE TEC401 COMMUNI SYSTEM 1.pdf
  Skipped (duplicate): BTECH ECE TEC402 ANALOG INTEGRATED CIRCUITS.pdf
  Skipped (duplicate): BTECH ECE TEC404 ELECROMAGNATIC FIELD THEORY.pdf
  Skipped (duplicate): BTECH EE TEE402 INTRO TO ELECTRICAL ENERGY SOURCE.pdf
  Skipped (duplicate): BTECH EE TEE403 SIGNALS AND SYSTEMS.pdf
  Skipped (duplicate): BTECH EE TMA401 MATH-3.pdf
  Skipped (duplicate): BTECH ME TME 412 AUTOMOTIVE MATERIAL AND MAUFACTURING TECHNIQUES.pdf
  Skipped (duplicate): BTECH ME TME402 EMBEDDED SYSTEM.pdf
  Skipped (duplicate): BTECH PE TMA403 NUMERICAL & GEOSTATISTICAL.pdf
  Skipped (duplicate): BTECH PE TPE 401 PETROLEUM GEOLOGY.pdf
  Skipped (duplicate): BTECH PE TPE404 APPLIED SEDIEMENTOLOGY.pdf
  Skipped (duplicate): BTECH PE TPE405 ACADEMIC REPORT WRITING AND IPR.pdf
  Skipped (duplicate): BTECH PE TPE413 MUD LOGGING.pdf
  Skipped (duplicate): BTECH TAS401 ACADEMIC REPORT & IPR.pdf
  Skipped (duplicate): BTECH TAS412 INTRO TO SPACE SCIENCE.pdf
  Skipped (duplicate): BTECH TCE402 STRUCTURAL ANALYSIS.pdf
  Skipped (duplicate): BTECH TCS402 FINITE AUTOMATA & FORMAL LANG.pdf
  Skipped (duplicate): BTECH TCS408 PROGRAMMING IN JAVA.pdf
  Skipped (duplicate): BTECH TCS421 FUNDAMENTAL OF STATISTICS AND AI.pdf
  Skipped (duplicate): BTECH TCS464 DEEP LEARNING.pdf
  Skipped (duplicate): BTECH TME 407 FLUID MECHANICS AND FLUID MACHINES.pdf
  Skipped (duplicate): BTECH TME406 MECHANICS OF MATERIALS.pdf
  Skipped (duplicate): Syllabus-2023_compressed_new.pdf
  Skipped (duplicate): 4th sem end term B.Tech  Petroleum  Jun & July 2022.pdf
  Skipped (duplicate): 4th sem end term B.Tech Biotech Jun & July 2022.pdf
  Skipped (duplicate): 4th sem end term B.Tech Civil  Jun & July 2022.pdf
  Skipped (duplicate): 4th sem end term B.Tech CS  Jun & July 2022.pdf
  Skipped (duplicate): 4th sem end term B.Tech ECE  Jun & July 2022.pdf
  Skipped (duplicate): 4th sem end term B.Tech EEE  Jun & July 2022.pdf
  Skipped (duplicate): 4th sem end term B.Tech ME  Jun & July 2022.pdf
  Skipped (duplicate): 4TH SEM END TERM JUNE 2023 BIOTECHNOLOGY.pdf
  Skipped (duplicate): 4TH SEM END TERM JUNE 2023 CIVIL.pdf
  Skipped (duplicate): 4TH SEM END TERM JUNE 2023 CSE.pdf
  Skipped (duplicate): 4TH SEM END TERM JUNE 2023 ECE.pdf
  Skipped (duplicate): 4TH SEM END TERM JUNE 2023 EE.pdf
  Skipped (duplicate): 4TH SEM END TERM JUNE 2023 ME.pdf
  Skipped (duplicate): 4TH SEM END TERM JUNE 2023 PETROLEUM.pdf
  Skipped (duplicate): 4TH SEM END TERM JUN 2024  BTECH ME.pdf
  Skipped (duplicate): 4TH SEM END TERM JUN 2024 B.TECH PETROLEUM.pdf
  Skipped (duplicate): 4TH SEM END TERM JUN 2024 BTECH BIOTECH.pdf
  Skipped (duplicate): 4TH SEM END TERM JUN 2024 BTECH CIVIL ENGINEERING.pdf
  Skipped (duplicate): 4TH SEM END TERM JUN 2024 CSE.pdf
  Skipped (duplicate): 4TH SEM END TERM JUN 2024 ECE.pdf
  Skipped (duplicate): 4TH SEM END TERM JUN 2024 EE.pdf
  Skipped (duplicate): BTECH AEROSPACE ENGG  TAS401 ACADEMIC REPORT WRITING AND IPR.pdf
  Skipped (duplicate): BTECH AEROSPACE ENGG TAS402 AERODYNAMICS-1.pdf
  Skipped (duplicate): BTECH AEROSPACE ENGG TAS404 AIRCRAFT PERFORMANCE.pdf
  Skipped (duplicate): BTECH AEROSPACE ENGG TAS406 AEROSPACE MATERIALS AND MANUFACTURING TECHNOLOGY.pdf
  Skipped (duplicate): BTECH BIOTECH TBT408B PROGRAMMING FOR COMPUTATIONAL BIOLOGY.pdf
  Skipped (duplicate): BTECH BIOTECH TBT408C BIORESOURCE TECHNOLOGY FOR SUSTAINABLE DEVELOPMENT.pdf
  Skipped (duplicate): BTECH BIOTECHNOLOGY TBT401 RECOMBINANT DNA TECHNOLOGY.pdf
  Skipped (duplicate): BTECH BIOTECHNOLOGY TBT404 BIO-ANALYTICAL TECHNIQUE.pdf
  Skipped (duplicate): BTECH BIOTECHNOLOGY TBT405 ACADEMIC PAPER WRITING AND IPR.pdf
  Skipped (duplicate): BTECH BIOTECHNOLOGY TBT406 ENVIRONMENTAL BIOTECHNOLOGY.pdf
  Skipped (duplicate): BTECH BIOTECHNOLOGY TBT407 WASTE MANAGEMENT AND UPCYCLING.pdf
  Skipped (duplicate): BTECH BT TBT403 BIOPROCESS ENGG.pdf
  Skipped (duplicate): BTECH CE TCE401 HYDRAULICS AND HYDRAULIC MACHINES.pdf
  Skipped (duplicate): BTECH CE TCE404 CONCRETE TECHNOLOGY.pdf
  Skipped (duplicate): BTECH CE TCE412 FUNDAMENTALS OF GIS.pdf
  Skipped (duplicate): BTECH CIVIL ENGG TCE439 TOWN URBAN PLANNING AND MANAGEMENT.pdf
  Skipped (duplicate): BTECH CIVIL ENGG TCE499 BASIC GEOGRAPHICAL INFORMATION SYSTEM.pdf
  Skipped (duplicate): BTECH CIVIL TCE403 SOIL MECHANICS.pdf
  Skipped (duplicate): BTECH CSE BIOTECH TCS471 STATISTICAL DATA ANALYSIS WITH R.pdf
  Skipped (duplicate): BTECH CSE TCS403 MICROPROCESSORS.pdf
  Skipped (duplicate): BTECH CSE TCS409 DESIGN AND ANALYSIS OF ALGORITHMS.pdf
  Skipped (duplicate): BTECH CSE TCS421 FUNDAMENTALS OF STASTICS AND AI.pdf
  Skipped (duplicate): BTECH CSE TCS495 FUNDAMENTAL OF CYBER SECURITY.pdf
  Skipped (duplicate): BTECH ECE ESR TEC451 INTRODUCTION TO ROBOTICS.pdf
  Skipped (duplicate): BTECH ECE IOT TEC491 SENSORS AND SIGNAL CONDITIONING.pdf
  Skipped (duplicate): BTECH ECE TEC401 COMMUNICATION SYSTEMS-1.pdf
  Skipped (duplicate): BTECH ECE TEC402 ANALOG INTEGRATED CIRCUIT.pdf
  Skipped (duplicate): BTECH ECE TEC404 ELECTROMAGNETIC FIELD THEORY.pdf
  Skipped (duplicate): BTECH EE TEE402 INTRODUCTION TO ELECTRICAL ENERGY SOURCES.pdf
  Skipped (duplicate): BTECH EE TEE404 DIGITAL ELECTRONICS.pdf
  Skipped (duplicate): BTECH EE TMA401 MATHEMATICS-3.pdf
  Skipped (duplicate): BTECH EE VAC402 ELECTRICAL SAFETY.pdf
  Skipped (duplicate): BTECH INTRODUCTION TO UNMANNED AERIAL SYSTEM TAS411 .pdf
  Skipped (duplicate): BTECH ME TME402 EMBEDDED SYSTEM.pdf
  Skipped (duplicate): BTECH PE TMA403 NUMERICAL AND GEOSTATISTICAL METHODS.pdf
  Skipped (duplicate): BTECH PE TPE401 PETROLEUM GEOLOGY.pdf
  Skipped (duplicate): BTECH PE TPE402 RESERVOIR ENGINEERING.pdf
  Skipped (duplicate): BTECH PE TPE403 HEAT AND MASS TRANSFER.pdf
  Skipped (duplicate): BTECH PE TPE404 APPLIED SEDIMENTOLOGY.pdf
  Skipped (duplicate): BTECH TAS406 SOLID MECHANICS.pdf
  Skipped (duplicate): BTECH TAS412 INTRODUCTION TO SPACE SCIENCE.pdf
  Skipped (duplicate): BTECH TCE402 STRUCTURAL ANALYSIS-1.pdf
  Skipped (duplicate): BTECH TCS402 FINITE AUTOMATA & FORMAL LANGUAGE.pdf
  Skipped (duplicate): BTECH TCS408 JAVA PROGRAMMING.pdf
  Skipped (duplicate): BTECH TCS408 PROGRAMMING IN JAVA.pdf
  Skipped (duplicate): BTECH TCS451 VIRTUALIZATION AND CLOUD COMPUTING.pdf
  Skipped (duplicate): BTECH TCS464 DEEP LEARNING.pdf
  Skipped (duplicate): BTECH TME 407 FLUID MECHANICS AND FLUID MACHINES.pdf
  Skipped (duplicate): BTECH TME406 MECHANICS OF MATERIALS.pdf
  Skipped (duplicate): BTECH TME410 AUTOMATION IN PRODUCTION.pdf
  Skipped (duplicate): BTECH TME412 AUTOMOTIVE MATERIALS AND MANUFACTURING TECHNIQUES.pdf
  Skipped (duplicate): BTECH TPE405 ACADEMIC REPORT WRITING AND IPR.pdf
  Skipped (duplicate): BTECHEE TEE403 SIGNAL AND SYSTEMS.pdf
  Skipped (duplicate): 4TH SEM MID TERM 2023 B.TECH BIOTECH.pdf
  Skipped (duplicate): 4TH SEM MID TERM 2023 B.TECH CIVIL.pdf
  Skipped (duplicate): 4TH SEM MID TERM 2023 B.TECH CS.pdf
  Skipped (duplicate): 4TH SEM MID TERM 2023 B.TECH ECE.pdf
  Skipped (duplicate): 4TH SEM MID TERM 2023 B.TECH EE.pdf
  Skipped (duplicate): 4TH SEM MID TERM 2023 B.TECH ME.pdf
  Skipped (duplicate): 4TH SEM MID TERM 2023 B.TECH PETROLEUM.pdf
  Skipped (duplicate): 4th Sem Mid Term March 2024  CIVIL.pdf
  Skipped (duplicate): 4th Sem Mid Term March 2024 B.TECH CSE.pdf
  Skipped (duplicate): 4th Sem Mid Term March 2024 B.TECH ME.pdf
  Skipped (duplicate): 4th Sem Mid Term March 2024 BTECH BIOTECH 2.pdf
  Skipped (duplicate): 4th Sem Mid Term March 2024 BTECH BIOTECH.pdf
  Skipped (duplicate): 4th Sem Mid Term March 2024 BTECH ECE.pdf
  Skipped (duplicate): 4th Sem Mid Term March 2024 EE.pdf
  Skipped (duplicate): 4th Sem Mid Term March 2024 PETROLEUM.pdf
  Skipped (duplicate): BTECH AE TAS 411 INTRO TO UNMANNED AERIAL SYSTEM.pdf
  Skipped (duplicate): BTECH AE TAS406 SOLID MECHANICS.pdf
  Skipped (duplicate): BTECH AEROSPACE ENGG TAS405 AEROSPACE MATERIALS AND MANUFACTUING TECH.pdf
  Skipped (duplicate): BTECH AEROSPACE TAS 404 AIRCRAFT PERFORMANCE.pdf
  Skipped (duplicate): BTECH BIOTECH TBT 404 BIOANALYTICAL TECHNIQUE.pdf
  Skipped (duplicate): BTECH BIOTECHNOLOGY TBT406 ENVIRONMENTAL BIOTECHNOLOGY.pdf
  Skipped (duplicate): BTECH BIOTECHNOLOGY TBT407 WASTE MANAGEMENT AND UPCYCLING.pdf
  Skipped (duplicate): BTECH BT TBT 405 ACADEMIC PAPER WRITING AND IPR.pdf
  Skipped (duplicate): BTECH BT TBT403 BIOPROCESS ENGG.pdf
  Skipped (duplicate): BTECH BT TBT408B PROGRAMMING FOR COMPUTATIONAL BIOLOGY.pdf
  Skipped (duplicate): BTECH BT TBT408C BIORESOURCES TECHNOLOGY FOR SUSTAINABLE DEVELOPMENT.pdf
  Skipped (duplicate): BTECH CE BASIC GEOGRAPHICAL INFORMATION SYSTEMS.pdf
  Skipped (duplicate): BTECH CE TCE401 HYDRAULICS & HYDRAULIC MACHINE.pdf
  Skipped (duplicate): BTECH CE TCE412 FUNDAMENTAL GIS.pdf
  Skipped (duplicate): BTECH CE TCE439 TOWN URBAN PLANNING AND MANAGEMENT.pdf
  Skipped (duplicate): BTECH CSE TCS403 MICROPROCESSORS.pdf
  Skipped (duplicate): BTECH ECE ESR TEC451 INTRO TO ROBOTICS.pdf
  Skipped (duplicate): BTECH ECE IOT TEC491 SENSORS AND SIGNAL CONDITIONING.pdf
  Skipped (duplicate): BTECH ECE TEC401 COMMUNI SYSTEM 1.pdf
  Skipped (duplicate): BTECH ECE TEC402 ANALOG INTEGRATED CIRCUITS.pdf
  Skipped (duplicate): BTECH ECE TEC404 ELECROMAGNATIC FIELD THEORY.pdf
  Skipped (duplicate): BTECH EE TEE402 INTRO TO ELECTRICAL ENERGY SOURCE.pdf
  Skipped (duplicate): BTECH EE TEE403 SIGNALS AND SYSTEMS.pdf
  Skipped (duplicate): BTECH EE TMA401 MATH-3.pdf
  Skipped (duplicate): BTECH ME TME 412 AUTOMOTIVE MATERIAL AND MAUFACTURING TECHNIQUES.pdf
  Skipped (duplicate): BTECH ME TME402 EMBEDDED SYSTEM.pdf
  Skipped (duplicate): BTECH PE TMA403 NUMERICAL & GEOSTATISTICAL.pdf
  Skipped (duplicate): BTECH PE TPE 401 PETROLEUM GEOLOGY.pdf
  Skipped (duplicate): BTECH PE TPE404 APPLIED SEDIEMENTOLOGY.pdf
  Skipped (duplicate): BTECH PE TPE405 ACADEMIC REPORT WRITING AND IPR.pdf
  Skipped (duplicate): BTECH PE TPE413 MUD LOGGING.pdf
  Skipped (duplicate): BTECH TAS401 ACADEMIC REPORT & IPR.pdf
  Skipped (duplicate): BTECH TAS412 INTRO TO SPACE SCIENCE.pdf
  Skipped (duplicate): BTECH TCE402 STRUCTURAL ANALYSIS.pdf
  Skipped (duplicate): BTECH TCS402 FINITE AUTOMATA & FORMAL LANG.pdf
  Skipped (duplicate): BTECH TCS408 PROGRAMMING IN JAVA.pdf
  Skipped (duplicate): BTECH TCS421 FUNDAMENTAL OF STATISTICS AND AI.pdf
  Skipped (duplicate): BTECH TCS464 DEEP LEARNING.pdf
  Skipped (duplicate): BTECH TME 407 FLUID MECHANICS AND FLUID MACHINES.pdf
  Skipped (duplicate): BTECH TME406 MECHANICS OF MATERIALS.pdf
  Skipped (duplicate): Syllabus-2023_compressed_new.pdf
  Skipped (duplicate): 4th sem end term B.Tech  Petroleum  Jun & July 2022.pdf
  Skipped (duplicate): 4th sem end term B.Tech Biotech Jun & July 2022.pdf
  Skipped (duplicate): 4th sem end term B.Tech Civil  Jun & July 2022.pdf
  Skipped (duplicate): 4th sem end term B.Tech CS  Jun & July 2022.pdf
  Skipped (duplicate): 4th sem end term B.Tech ECE  Jun & July 2022.pdf
  Skipped (duplicate): 4th sem end term B.Tech EEE  Jun & July 2022.pdf
  Skipped (duplicate): 4th sem end term B.Tech ME  Jun & July 2022.pdf
  Skipped (duplicate): 4TH SEM END TERM JUNE 2023 BIOTECHNOLOGY.pdf
  Skipped (duplicate): 4TH SEM END TERM JUNE 2023 CIVIL.pdf
  Skipped (duplicate): 4TH SEM END TERM JUNE 2023 CSE.pdf
  Skipped (duplicate): 4TH SEM END TERM JUNE 2023 ECE.pdf
  Skipped (duplicate): 4TH SEM END TERM JUNE 2023 EE.pdf
  Skipped (duplicate): 4TH SEM END TERM JUNE 2023 ME.pdf
  Skipped (duplicate): 4TH SEM END TERM JUNE 2023 PETROLEUM.pdf
  Skipped (duplicate): 4TH SEM END TERM JUN 2024  BTECH ME.pdf
  Skipped (duplicate): 4TH SEM END TERM JUN 2024 B.TECH PETROLEUM.pdf
  Skipped (duplicate): 4TH SEM END TERM JUN 2024 BTECH BIOTECH.pdf
  Skipped (duplicate): 4TH SEM END TERM JUN 2024 BTECH CIVIL ENGINEERING.pdf
  Skipped (duplicate): 4TH SEM END TERM JUN 2024 CSE.pdf
  Skipped (duplicate): 4TH SEM END TERM JUN 2024 ECE.pdf
  Skipped (duplicate): 4TH SEM END TERM JUN 2024 EE.pdf
  Skipped (duplicate): BTECH AEROSPACE ENGG  TAS401 ACADEMIC REPORT WRITING AND IPR.pdf
  Skipped (duplicate): BTECH AEROSPACE ENGG TAS402 AERODYNAMICS-1.pdf
  Skipped (duplicate): BTECH AEROSPACE ENGG TAS404 AIRCRAFT PERFORMANCE.pdf
  Skipped (duplicate): BTECH AEROSPACE ENGG TAS406 AEROSPACE MATERIALS AND MANUFACTURING TECHNOLOGY.pdf
  Skipped (duplicate): BTECH BIOTECH TBT408B PROGRAMMING FOR COMPUTATIONAL BIOLOGY.pdf
  Skipped (duplicate): BTECH BIOTECH TBT408C BIORESOURCE TECHNOLOGY FOR SUSTAINABLE DEVELOPMENT.pdf
  Skipped (duplicate): BTECH BIOTECHNOLOGY TBT401 RECOMBINANT DNA TECHNOLOGY.pdf
  Skipped (duplicate): BTECH BIOTECHNOLOGY TBT404 BIO-ANALYTICAL TECHNIQUE.pdf
  Skipped (duplicate): BTECH BIOTECHNOLOGY TBT405 ACADEMIC PAPER WRITING AND IPR.pdf
  Skipped (duplicate): BTECH BIOTECHNOLOGY TBT406 ENVIRONMENTAL BIOTECHNOLOGY.pdf
  Skipped (duplicate): BTECH BIOTECHNOLOGY TBT407 WASTE MANAGEMENT AND UPCYCLING.pdf
  Skipped (duplicate): BTECH BT TBT403 BIOPROCESS ENGG.pdf
  Skipped (duplicate): BTECH CE TCE401 HYDRAULICS AND HYDRAULIC MACHINES.pdf
  Skipped (duplicate): BTECH CE TCE404 CONCRETE TECHNOLOGY.pdf
  Skipped (duplicate): BTECH CE TCE412 FUNDAMENTALS OF GIS.pdf
  Skipped (duplicate): BTECH CIVIL ENGG TCE439 TOWN URBAN PLANNING AND MANAGEMENT.pdf
  Skipped (duplicate): BTECH CIVIL ENGG TCE499 BASIC GEOGRAPHICAL INFORMATION SYSTEM.pdf
  Skipped (duplicate): BTECH CIVIL TCE403 SOIL MECHANICS.pdf
  Skipped (duplicate): BTECH CSE BIOTECH TCS471 STATISTICAL DATA ANALYSIS WITH R.pdf
  Skipped (duplicate): BTECH CSE TCS403 MICROPROCESSORS.pdf
  Skipped (duplicate): BTECH CSE TCS409 DESIGN AND ANALYSIS OF ALGORITHMS.pdf
  Skipped (duplicate): BTECH CSE TCS421 FUNDAMENTALS OF STASTICS AND AI.pdf
  Skipped (duplicate): BTECH CSE TCS495 FUNDAMENTAL OF CYBER SECURITY.pdf
  Skipped (duplicate): BTECH ECE ESR TEC451 INTRODUCTION TO ROBOTICS.pdf
  Skipped (duplicate): BTECH ECE IOT TEC491 SENSORS AND SIGNAL CONDITIONING.pdf
  Skipped (duplicate): BTECH ECE TEC401 COMMUNICATION SYSTEMS-1.pdf
  Skipped (duplicate): BTECH ECE TEC402 ANALOG INTEGRATED CIRCUIT.pdf
  Skipped (duplicate): BTECH ECE TEC404 ELECTROMAGNETIC FIELD THEORY.pdf
  Skipped (duplicate): BTECH EE TEE402 INTRODUCTION TO ELECTRICAL ENERGY SOURCES.pdf
  Skipped (duplicate): BTECH EE TEE404 DIGITAL ELECTRONICS.pdf
  Skipped (duplicate): BTECH EE TMA401 MATHEMATICS-3.pdf
  Skipped (duplicate): BTECH EE VAC402 ELECTRICAL SAFETY.pdf
  Skipped (duplicate): BTECH INTRODUCTION TO UNMANNED AERIAL SYSTEM TAS411 .pdf
  Skipped (duplicate): BTECH ME TME402 EMBEDDED SYSTEM.pdf
  Skipped (duplicate): BTECH PE TMA403 NUMERICAL AND GEOSTATISTICAL METHODS.pdf
  Skipped (duplicate): BTECH PE TPE401 PETROLEUM GEOLOGY.pdf
  Skipped (duplicate): BTECH PE TPE402 RESERVOIR ENGINEERING.pdf
  Skipped (duplicate): BTECH PE TPE403 HEAT AND MASS TRANSFER.pdf
  Skipped (duplicate): BTECH PE TPE404 APPLIED SEDIMENTOLOGY.pdf
  Skipped (duplicate): BTECH TAS406 SOLID MECHANICS.pdf
  Skipped (duplicate): BTECH TAS412 INTRODUCTION TO SPACE SCIENCE.pdf
  Skipped (duplicate): BTECH TCE402 STRUCTURAL ANALYSIS-1.pdf
  Skipped (duplicate): BTECH TCS402 FINITE AUTOMATA & FORMAL LANGUAGE.pdf
  Skipped (duplicate): BTECH TCS408 JAVA PROGRAMMING.pdf
  Skipped (duplicate): BTECH TCS408 PROGRAMMING IN JAVA.pdf
  Skipped (duplicate): BTECH TCS451 VIRTUALIZATION AND CLOUD COMPUTING.pdf
  Skipped (duplicate): BTECH TCS464 DEEP LEARNING.pdf
  Skipped (duplicate): BTECH TME 407 FLUID MECHANICS AND FLUID MACHINES.pdf
  Skipped (duplicate): BTECH TME406 MECHANICS OF MATERIALS.pdf
  Skipped (duplicate): BTECH TME410 AUTOMATION IN PRODUCTION.pdf
  Skipped (duplicate): BTECH TME412 AUTOMOTIVE MATERIALS AND MANUFACTURING TECHNIQUES.pdf
  Skipped (duplicate): BTECH TPE405 ACADEMIC REPORT WRITING AND IPR.pdf
  Skipped (duplicate): BTECHEE TEE403 SIGNAL AND SYSTEMS.pdf
  Skipped (duplicate): 4TH SEM MID TERM 2023 B.TECH BIOTECH.pdf
  Skipped (duplicate): 4TH SEM MID TERM 2023 B.TECH CIVIL.pdf
  Skipped (duplicate): 4TH SEM MID TERM 2023 B.TECH CS.pdf
  Skipped (duplicate): 4TH SEM MID TERM 2023 B.TECH ECE.pdf
  Skipped (duplicate): 4TH SEM MID TERM 2023 B.TECH EE.pdf
  Skipped (duplicate): 4TH SEM MID TERM 2023 B.TECH ME.pdf
  Skipped (duplicate): 4TH SEM MID TERM 2023 B.TECH PETROLEUM.pdf
  Skipped (duplicate): 4th Sem Mid Term March 2024  CIVIL.pdf
  Skipped (duplicate): 4th Sem Mid Term March 2024 B.TECH CSE.pdf
  Skipped (duplicate): 4th Sem Mid Term March 2024 B.TECH ME.pdf
  Skipped (duplicate): 4th Sem Mid Term March 2024 BTECH BIOTECH 2.pdf
  Skipped (duplicate): 4th Sem Mid Term March 2024 BTECH BIOTECH.pdf
  Skipped (duplicate): 4th Sem Mid Term March 2024 BTECH ECE.pdf
  Skipped (duplicate): 4th Sem Mid Term March 2024 EE.pdf
  Skipped (duplicate): 4th Sem Mid Term March 2024 PETROLEUM.pdf
  Skipped (duplicate): BTECH AE TAS 411 INTRO TO UNMANNED AERIAL SYSTEM.pdf
  Skipped (duplicate): BTECH AE TAS406 SOLID MECHANICS.pdf
  Skipped (duplicate): BTECH AEROSPACE ENGG TAS405 AEROSPACE MATERIALS AND MANUFACTUING TECH.pdf
  Skipped (duplicate): BTECH AEROSPACE TAS 404 AIRCRAFT PERFORMANCE.pdf
  Skipped (duplicate): BTECH BIOTECH TBT 404 BIOANALYTICAL TECHNIQUE.pdf
  Skipped (duplicate): BTECH BIOTECHNOLOGY TBT406 ENVIRONMENTAL BIOTECHNOLOGY.pdf
  Skipped (duplicate): BTECH BIOTECHNOLOGY TBT407 WASTE MANAGEMENT AND UPCYCLING.pdf
  Skipped (duplicate): BTECH BT TBT 405 ACADEMIC PAPER WRITING AND IPR.pdf
  Skipped (duplicate): BTECH BT TBT403 BIOPROCESS ENGG.pdf
  Skipped (duplicate): BTECH BT TBT408B PROGRAMMING FOR COMPUTATIONAL BIOLOGY.pdf
  Skipped (duplicate): BTECH BT TBT408C BIORESOURCES TECHNOLOGY FOR SUSTAINABLE DEVELOPMENT.pdf
  Skipped (duplicate): BTECH CE BASIC GEOGRAPHICAL INFORMATION SYSTEMS.pdf
  Skipped (duplicate): BTECH CE TCE401 HYDRAULICS & HYDRAULIC MACHINE.pdf
  Skipped (duplicate): BTECH CE TCE412 FUNDAMENTAL GIS.pdf
  Skipped (duplicate): BTECH CE TCE439 TOWN URBAN PLANNING AND MANAGEMENT.pdf
  Skipped (duplicate): BTECH CSE TCS403 MICROPROCESSORS.pdf
  Skipped (duplicate): BTECH ECE ESR TEC451 INTRO TO ROBOTICS.pdf
  Skipped (duplicate): BTECH ECE IOT TEC491 SENSORS AND SIGNAL CONDITIONING.pdf
  Skipped (duplicate): BTECH ECE TEC401 COMMUNI SYSTEM 1.pdf
  Skipped (duplicate): BTECH ECE TEC402 ANALOG INTEGRATED CIRCUITS.pdf
  Skipped (duplicate): BTECH ECE TEC404 ELECROMAGNATIC FIELD THEORY.pdf
  Skipped (duplicate): BTECH EE TEE402 INTRO TO ELECTRICAL ENERGY SOURCE.pdf
  Skipped (duplicate): BTECH EE TEE403 SIGNALS AND SYSTEMS.pdf
  Skipped (duplicate): BTECH EE TMA401 MATH-3.pdf
  Skipped (duplicate): BTECH ME TME 412 AUTOMOTIVE MATERIAL AND MAUFACTURING TECHNIQUES.pdf
  Skipped (duplicate): BTECH ME TME402 EMBEDDED SYSTEM.pdf
  Skipped (duplicate): BTECH PE TMA403 NUMERICAL & GEOSTATISTICAL.pdf
  Skipped (duplicate): BTECH PE TPE 401 PETROLEUM GEOLOGY.pdf
  Skipped (duplicate): BTECH PE TPE404 APPLIED SEDIEMENTOLOGY.pdf
  Skipped (duplicate): BTECH PE TPE405 ACADEMIC REPORT WRITING AND IPR.pdf
  Skipped (duplicate): BTECH PE TPE413 MUD LOGGING.pdf
  Skipped (duplicate): BTECH TAS401 ACADEMIC REPORT & IPR.pdf
  Skipped (duplicate): BTECH TAS412 INTRO TO SPACE SCIENCE.pdf
  Skipped (duplicate): BTECH TCE402 STRUCTURAL ANALYSIS.pdf
  Skipped (duplicate): BTECH TCS402 FINITE AUTOMATA & FORMAL LANG.pdf
  Skipped (duplicate): BTECH TCS408 PROGRAMMING IN JAVA.pdf
  Skipped (duplicate): BTECH TCS421 FUNDAMENTAL OF STATISTICS AND AI.pdf
  Skipped (duplicate): BTECH TCS464 DEEP LEARNING.pdf
  Skipped (duplicate): BTECH TME 407 FLUID MECHANICS AND FLUID MACHINES.pdf
  Skipped (duplicate): BTECH TME406 MECHANICS OF MATERIALS.pdf
  Skipped (duplicate): Syllabus-2023_compressed_new.pdf
  Skipped (duplicate): 4th sem end term B.Tech  Petroleum  Jun & July 2022.pdf
  Skipped (duplicate): 4th sem end term B.Tech Biotech Jun & July 2022.pdf
  Skipped (duplicate): 4th sem end term B.Tech Civil  Jun & July 2022.pdf
  Skipped (duplicate): 4th sem end term B.Tech CS  Jun & July 2022.pdf
  Skipped (duplicate): 4th sem end term B.Tech ECE  Jun & July 2022.pdf
  Skipped (duplicate): 4th sem end term B.Tech EEE  Jun & July 2022.pdf
  Skipped (duplicate): 4th sem end term B.Tech ME  Jun & July 2022.pdf
  Skipped (duplicate): 4TH SEM END TERM JUNE 2023 BIOTECHNOLOGY.pdf
  Skipped (duplicate): 4TH SEM END TERM JUNE 2023 CIVIL.pdf
  Skipped (duplicate): 4TH SEM END TERM JUNE 2023 CSE.pdf
  Skipped (duplicate): 4TH SEM END TERM JUNE 2023 ECE.pdf
  Skipped (duplicate): 4TH SEM END TERM JUNE 2023 EE.pdf
  Skipped (duplicate): 4TH SEM END TERM JUNE 2023 ME.pdf
  Skipped (duplicate): 4TH SEM END TERM JUNE 2023 PETROLEUM.pdf
  Skipped (duplicate): 4TH SEM END TERM JUN 2024  BTECH ME.pdf
  Skipped (duplicate): 4TH SEM END TERM JUN 2024 B.TECH PETROLEUM.pdf
  Skipped (duplicate): 4TH SEM END TERM JUN 2024 BTECH BIOTECH.pdf
  Skipped (duplicate): 4TH SEM END TERM JUN 2024 BTECH CIVIL ENGINEERING.pdf
  Skipped (duplicate): 4TH SEM END TERM JUN 2024 CSE.pdf
  Skipped (duplicate): 4TH SEM END TERM JUN 2024 ECE.pdf
  Skipped (duplicate): 4TH SEM END TERM JUN 2024 EE.pdf
  Skipped (duplicate): BTECH AEROSPACE ENGG  TAS401 ACADEMIC REPORT WRITING AND IPR.pdf
  Skipped (duplicate): BTECH AEROSPACE ENGG TAS402 AERODYNAMICS-1.pdf
  Skipped (duplicate): BTECH AEROSPACE ENGG TAS404 AIRCRAFT PERFORMANCE.pdf
  Skipped (duplicate): BTECH AEROSPACE ENGG TAS406 AEROSPACE MATERIALS AND MANUFACTURING TECHNOLOGY.pdf
  Skipped (duplicate): BTECH BIOTECH TBT408B PROGRAMMING FOR COMPUTATIONAL BIOLOGY.pdf
  Skipped (duplicate): BTECH BIOTECH TBT408C BIORESOURCE TECHNOLOGY FOR SUSTAINABLE DEVELOPMENT.pdf
  Skipped (duplicate): BTECH BIOTECHNOLOGY TBT401 RECOMBINANT DNA TECHNOLOGY.pdf
  Skipped (duplicate): BTECH BIOTECHNOLOGY TBT404 BIO-ANALYTICAL TECHNIQUE.pdf
  Skipped (duplicate): BTECH BIOTECHNOLOGY TBT405 ACADEMIC PAPER WRITING AND IPR.pdf
  Skipped (duplicate): BTECH BIOTECHNOLOGY TBT406 ENVIRONMENTAL BIOTECHNOLOGY.pdf
  Skipped (duplicate): BTECH BIOTECHNOLOGY TBT407 WASTE MANAGEMENT AND UPCYCLING.pdf
  Skipped (duplicate): BTECH BT TBT403 BIOPROCESS ENGG.pdf
  Skipped (duplicate): BTECH CE TCE401 HYDRAULICS AND HYDRAULIC MACHINES.pdf
  Skipped (duplicate): BTECH CE TCE404 CONCRETE TECHNOLOGY.pdf
  Skipped (duplicate): BTECH CE TCE412 FUNDAMENTALS OF GIS.pdf
  Skipped (duplicate): BTECH CIVIL ENGG TCE439 TOWN URBAN PLANNING AND MANAGEMENT.pdf
  Skipped (duplicate): BTECH CIVIL ENGG TCE499 BASIC GEOGRAPHICAL INFORMATION SYSTEM.pdf
  Skipped (duplicate): BTECH CIVIL TCE403 SOIL MECHANICS.pdf
  Skipped (duplicate): BTECH CSE BIOTECH TCS471 STATISTICAL DATA ANALYSIS WITH R.pdf
  Skipped (duplicate): BTECH CSE TCS403 MICROPROCESSORS.pdf
  Skipped (duplicate): BTECH CSE TCS409 DESIGN AND ANALYSIS OF ALGORITHMS.pdf
  Skipped (duplicate): BTECH CSE TCS421 FUNDAMENTALS OF STASTICS AND AI.pdf
  Skipped (duplicate): BTECH CSE TCS495 FUNDAMENTAL OF CYBER SECURITY.pdf
  Skipped (duplicate): BTECH ECE ESR TEC451 INTRODUCTION TO ROBOTICS.pdf
  Skipped (duplicate): BTECH ECE IOT TEC491 SENSORS AND SIGNAL CONDITIONING.pdf
  Skipped (duplicate): BTECH ECE TEC401 COMMUNICATION SYSTEMS-1.pdf
  Skipped (duplicate): BTECH ECE TEC402 ANALOG INTEGRATED CIRCUIT.pdf
  Skipped (duplicate): BTECH ECE TEC404 ELECTROMAGNETIC FIELD THEORY.pdf
  Skipped (duplicate): BTECH EE TEE402 INTRODUCTION TO ELECTRICAL ENERGY SOURCES.pdf
  Skipped (duplicate): BTECH EE TEE404 DIGITAL ELECTRONICS.pdf
  Skipped (duplicate): BTECH EE TMA401 MATHEMATICS-3.pdf
  Skipped (duplicate): BTECH EE VAC402 ELECTRICAL SAFETY.pdf
  Skipped (duplicate): BTECH INTRODUCTION TO UNMANNED AERIAL SYSTEM TAS411 .pdf
  Skipped (duplicate): BTECH ME TME402 EMBEDDED SYSTEM.pdf
  Skipped (duplicate): BTECH PE TMA403 NUMERICAL AND GEOSTATISTICAL METHODS.pdf
  Skipped (duplicate): BTECH PE TPE401 PETROLEUM GEOLOGY.pdf
  Skipped (duplicate): BTECH PE TPE402 RESERVOIR ENGINEERING.pdf
  Skipped (duplicate): BTECH PE TPE403 HEAT AND MASS TRANSFER.pdf
  Skipped (duplicate): BTECH PE TPE404 APPLIED SEDIMENTOLOGY.pdf
  Skipped (duplicate): BTECH TAS406 SOLID MECHANICS.pdf
  Skipped (duplicate): BTECH TAS412 INTRODUCTION TO SPACE SCIENCE.pdf
  Skipped (duplicate): BTECH TCE402 STRUCTURAL ANALYSIS-1.pdf
  Skipped (duplicate): BTECH TCS402 FINITE AUTOMATA & FORMAL LANGUAGE.pdf
  Skipped (duplicate): BTECH TCS408 JAVA PROGRAMMING.pdf
  Skipped (duplicate): BTECH TCS408 PROGRAMMING IN JAVA.pdf
  Skipped (duplicate): BTECH TCS451 VIRTUALIZATION AND CLOUD COMPUTING.pdf
  Skipped (duplicate): BTECH TCS464 DEEP LEARNING.pdf
  Skipped (duplicate): BTECH TME 407 FLUID MECHANICS AND FLUID MACHINES.pdf
  Skipped (duplicate): BTECH TME406 MECHANICS OF MATERIALS.pdf
  Skipped (duplicate): BTECH TME410 AUTOMATION IN PRODUCTION.pdf
  Skipped (duplicate): BTECH TME412 AUTOMOTIVE MATERIALS AND MANUFACTURING TECHNIQUES.pdf
  Skipped (duplicate): BTECH TPE405 ACADEMIC REPORT WRITING AND IPR.pdf
  Skipped (duplicate): BTECHEE TEE403 SIGNAL AND SYSTEMS.pdf
  Skipped (duplicate): 4TH SEM MID TERM 2023 B.TECH BIOTECH.pdf
  Skipped (duplicate): 4TH SEM MID TERM 2023 B.TECH CIVIL.pdf
  Skipped (duplicate): 4TH SEM MID TERM 2023 B.TECH CS.pdf
  Skipped (duplicate): 4TH SEM MID TERM 2023 B.TECH ECE.pdf
  Skipped (duplicate): 4TH SEM MID TERM 2023 B.TECH EE.pdf
  Skipped (duplicate): 4TH SEM MID TERM 2023 B.TECH ME.pdf
  Skipped (duplicate): 4TH SEM MID TERM 2023 B.TECH PETROLEUM.pdf
  Skipped (duplicate): 4th Sem Mid Term March 2024  CIVIL.pdf
  Skipped (duplicate): 4th Sem Mid Term March 2024 B.TECH CSE.pdf
  Skipped (duplicate): 4th Sem Mid Term March 2024 B.TECH ME.pdf
  Skipped (duplicate): 4th Sem Mid Term March 2024 BTECH BIOTECH 2.pdf
  Skipped (duplicate): 4th Sem Mid Term March 2024 BTECH BIOTECH.pdf
  Skipped (duplicate): 4th Sem Mid Term March 2024 BTECH ECE.pdf
  Skipped (duplicate): 4th Sem Mid Term March 2024 EE.pdf
  Skipped (duplicate): 4th Sem Mid Term March 2024 PETROLEUM.pdf
  Skipped (duplicate): BTECH AE TAS 411 INTRO TO UNMANNED AERIAL SYSTEM.pdf
  Skipped (duplicate): BTECH AE TAS406 SOLID MECHANICS.pdf
  Skipped (duplicate): BTECH AEROSPACE ENGG TAS405 AEROSPACE MATERIALS AND MANUFACTUING TECH.pdf
  Skipped (duplicate): BTECH AEROSPACE TAS 404 AIRCRAFT PERFORMANCE.pdf
  Skipped (duplicate): BTECH BIOTECH TBT 404 BIOANALYTICAL TECHNIQUE.pdf
  Skipped (duplicate): BTECH BIOTECHNOLOGY TBT406 ENVIRONMENTAL BIOTECHNOLOGY.pdf
  Skipped (duplicate): BTECH BIOTECHNOLOGY TBT407 WASTE MANAGEMENT AND UPCYCLING.pdf
  Skipped (duplicate): BTECH BT TBT 405 ACADEMIC PAPER WRITING AND IPR.pdf
  Skipped (duplicate): BTECH BT TBT403 BIOPROCESS ENGG.pdf
  Skipped (duplicate): BTECH BT TBT408B PROGRAMMING FOR COMPUTATIONAL BIOLOGY.pdf
  Skipped (duplicate): BTECH BT TBT408C BIORESOURCES TECHNOLOGY FOR SUSTAINABLE DEVELOPMENT.pdf
  Skipped (duplicate): BTECH CE BASIC GEOGRAPHICAL INFORMATION SYSTEMS.pdf
  Skipped (duplicate): BTECH CE TCE401 HYDRAULICS & HYDRAULIC MACHINE.pdf
  Skipped (duplicate): BTECH CE TCE412 FUNDAMENTAL GIS.pdf
  Skipped (duplicate): BTECH CE TCE439 TOWN URBAN PLANNING AND MANAGEMENT.pdf
  Skipped (duplicate): BTECH CSE TCS403 MICROPROCESSORS.pdf
  Skipped (duplicate): BTECH ECE ESR TEC451 INTRO TO ROBOTICS.pdf
  Skipped (duplicate): BTECH ECE IOT TEC491 SENSORS AND SIGNAL CONDITIONING.pdf
  Skipped (duplicate): BTECH ECE TEC401 COMMUNI SYSTEM 1.pdf
  Skipped (duplicate): BTECH ECE TEC402 ANALOG INTEGRATED CIRCUITS.pdf
  Skipped (duplicate): BTECH ECE TEC404 ELECROMAGNATIC FIELD THEORY.pdf
  Skipped (duplicate): BTECH EE TEE402 INTRO TO ELECTRICAL ENERGY SOURCE.pdf
  Skipped (duplicate): BTECH EE TEE403 SIGNALS AND SYSTEMS.pdf
  Skipped (duplicate): BTECH EE TMA401 MATH-3.pdf
  Skipped (duplicate): BTECH ME TME 412 AUTOMOTIVE MATERIAL AND MAUFACTURING TECHNIQUES.pdf
  Skipped (duplicate): BTECH ME TME402 EMBEDDED SYSTEM.pdf
  Skipped (duplicate): BTECH PE TMA403 NUMERICAL & GEOSTATISTICAL.pdf
  Skipped (duplicate): BTECH PE TPE 401 PETROLEUM GEOLOGY.pdf
  Skipped (duplicate): BTECH PE TPE404 APPLIED SEDIEMENTOLOGY.pdf
  Skipped (duplicate): BTECH PE TPE405 ACADEMIC REPORT WRITING AND IPR.pdf
  Skipped (duplicate): BTECH PE TPE413 MUD LOGGING.pdf
  Skipped (duplicate): BTECH TAS401 ACADEMIC REPORT & IPR.pdf
  Skipped (duplicate): BTECH TAS412 INTRO TO SPACE SCIENCE.pdf
  Skipped (duplicate): BTECH TCE402 STRUCTURAL ANALYSIS.pdf
  Skipped (duplicate): BTECH TCS402 FINITE AUTOMATA & FORMAL LANG.pdf
  Skipped (duplicate): BTECH TCS408 PROGRAMMING IN JAVA.pdf
  Skipped (duplicate): BTECH TCS421 FUNDAMENTAL OF STATISTICS AND AI.pdf
  Skipped (duplicate): BTECH TCS464 DEEP LEARNING.pdf
  Skipped (duplicate): BTECH TME 407 FLUID MECHANICS AND FLUID MACHINES.pdf
  Skipped (duplicate): BTECH TME406 MECHANICS OF MATERIALS.pdf
  Skipped (duplicate): Syllabus-2023_compressed_new.pdf
  Skipped (duplicate): 4th sem end term B.Tech  Petroleum  Jun & July 2022.pdf
  Skipped (duplicate): 4th sem end term B.Tech Biotech Jun & July 2022.pdf
  Skipped (duplicate): 4th sem end term B.Tech Civil  Jun & July 2022.pdf
  Skipped (duplicate): 4th sem end term B.Tech CS  Jun & July 2022.pdf
  Skipped (duplicate): 4th sem end term B.Tech ECE  Jun & July 2022.pdf
  Skipped (duplicate): 4th sem end term B.Tech EEE  Jun & July 2022.pdf
  Skipped (duplicate): 4th sem end term B.Tech ME  Jun & July 2022.pdf
  Skipped (duplicate): 4TH SEM END TERM JUNE 2023 BIOTECHNOLOGY.pdf
  Skipped (duplicate): 4TH SEM END TERM JUNE 2023 CIVIL.pdf
  Skipped (duplicate): 4TH SEM END TERM JUNE 2023 CSE.pdf
  Skipped (duplicate): 4TH SEM END TERM JUNE 2023 ECE.pdf
  Skipped (duplicate): 4TH SEM END TERM JUNE 2023 EE.pdf
  Skipped (duplicate): 4TH SEM END TERM JUNE 2023 ME.pdf
  Skipped (duplicate): 4TH SEM END TERM JUNE 2023 PETROLEUM.pdf
  Skipped (duplicate): 4TH SEM END TERM JUN 2024  BTECH ME.pdf
  Skipped (duplicate): 4TH SEM END TERM JUN 2024 B.TECH PETROLEUM.pdf
  Skipped (duplicate): 4TH SEM END TERM JUN 2024 BTECH BIOTECH.pdf
  Skipped (duplicate): 4TH SEM END TERM JUN 2024 BTECH CIVIL ENGINEERING.pdf
  Skipped (duplicate): 4TH SEM END TERM JUN 2024 CSE.pdf
  Skipped (duplicate): 4TH SEM END TERM JUN 2024 ECE.pdf
  Skipped (duplicate): 4TH SEM END TERM JUN 2024 EE.pdf
  Skipped (duplicate): BTECH AEROSPACE ENGG  TAS401 ACADEMIC REPORT WRITING AND IPR.pdf
  Skipped (duplicate): BTECH AEROSPACE ENGG TAS402 AERODYNAMICS-1.pdf
  Skipped (duplicate): BTECH AEROSPACE ENGG TAS404 AIRCRAFT PERFORMANCE.pdf
  Skipped (duplicate): BTECH AEROSPACE ENGG TAS406 AEROSPACE MATERIALS AND MANUFACTURING TECHNOLOGY.pdf
  Skipped (duplicate): BTECH BIOTECH TBT408B PROGRAMMING FOR COMPUTATIONAL BIOLOGY.pdf
  Skipped (duplicate): BTECH BIOTECH TBT408C BIORESOURCE TECHNOLOGY FOR SUSTAINABLE DEVELOPMENT.pdf
  Skipped (duplicate): BTECH BIOTECHNOLOGY TBT401 RECOMBINANT DNA TECHNOLOGY.pdf
  Skipped (duplicate): BTECH BIOTECHNOLOGY TBT404 BIO-ANALYTICAL TECHNIQUE.pdf
  Skipped (duplicate): BTECH BIOTECHNOLOGY TBT405 ACADEMIC PAPER WRITING AND IPR.pdf
  Skipped (duplicate): BTECH BIOTECHNOLOGY TBT406 ENVIRONMENTAL BIOTECHNOLOGY.pdf
  Skipped (duplicate): BTECH BIOTECHNOLOGY TBT407 WASTE MANAGEMENT AND UPCYCLING.pdf
  Skipped (duplicate): BTECH BT TBT403 BIOPROCESS ENGG.pdf
  Skipped (duplicate): BTECH CE TCE401 HYDRAULICS AND HYDRAULIC MACHINES.pdf
  Skipped (duplicate): BTECH CE TCE404 CONCRETE TECHNOLOGY.pdf
  Skipped (duplicate): BTECH CE TCE412 FUNDAMENTALS OF GIS.pdf
  Skipped (duplicate): BTECH CIVIL ENGG TCE439 TOWN URBAN PLANNING AND MANAGEMENT.pdf
  Skipped (duplicate): BTECH CIVIL ENGG TCE499 BASIC GEOGRAPHICAL INFORMATION SYSTEM.pdf
  Skipped (duplicate): BTECH CIVIL TCE403 SOIL MECHANICS.pdf
  Skipped (duplicate): BTECH CSE BIOTECH TCS471 STATISTICAL DATA ANALYSIS WITH R.pdf
  Skipped (duplicate): BTECH CSE TCS403 MICROPROCESSORS.pdf
  Skipped (duplicate): BTECH CSE TCS409 DESIGN AND ANALYSIS OF ALGORITHMS.pdf
  Skipped (duplicate): BTECH CSE TCS421 FUNDAMENTALS OF STASTICS AND AI.pdf
  Skipped (duplicate): BTECH CSE TCS495 FUNDAMENTAL OF CYBER SECURITY.pdf
  Skipped (duplicate): BTECH ECE ESR TEC451 INTRODUCTION TO ROBOTICS.pdf
  Skipped (duplicate): BTECH ECE IOT TEC491 SENSORS AND SIGNAL CONDITIONING.pdf
  Skipped (duplicate): BTECH ECE TEC401 COMMUNICATION SYSTEMS-1.pdf
  Skipped (duplicate): BTECH ECE TEC402 ANALOG INTEGRATED CIRCUIT.pdf
  Skipped (duplicate): BTECH ECE TEC404 ELECTROMAGNETIC FIELD THEORY.pdf
  Skipped (duplicate): BTECH EE TEE402 INTRODUCTION TO ELECTRICAL ENERGY SOURCES.pdf
  Skipped (duplicate): BTECH EE TEE404 DIGITAL ELECTRONICS.pdf
  Skipped (duplicate): BTECH EE TMA401 MATHEMATICS-3.pdf
  Skipped (duplicate): BTECH EE VAC402 ELECTRICAL SAFETY.pdf
  Skipped (duplicate): BTECH INTRODUCTION TO UNMANNED AERIAL SYSTEM TAS411 .pdf
  Skipped (duplicate): BTECH ME TME402 EMBEDDED SYSTEM.pdf
  Skipped (duplicate): BTECH PE TMA403 NUMERICAL AND GEOSTATISTICAL METHODS.pdf
  Skipped (duplicate): BTECH PE TPE401 PETROLEUM GEOLOGY.pdf
  Skipped (duplicate): BTECH PE TPE402 RESERVOIR ENGINEERING.pdf
  Skipped (duplicate): BTECH PE TPE403 HEAT AND MASS TRANSFER.pdf
  Skipped (duplicate): BTECH PE TPE404 APPLIED SEDIMENTOLOGY.pdf
  Skipped (duplicate): BTECH TAS406 SOLID MECHANICS.pdf
  Skipped (duplicate): BTECH TAS412 INTRODUCTION TO SPACE SCIENCE.pdf
  Skipped (duplicate): BTECH TCE402 STRUCTURAL ANALYSIS-1.pdf
  Skipped (duplicate): BTECH TCS402 FINITE AUTOMATA & FORMAL LANGUAGE.pdf
  Skipped (duplicate): BTECH TCS408 JAVA PROGRAMMING.pdf
  Skipped (duplicate): BTECH TCS408 PROGRAMMING IN JAVA.pdf
  Skipped (duplicate): BTECH TCS451 VIRTUALIZATION AND CLOUD COMPUTING.pdf
  Skipped (duplicate): BTECH TCS464 DEEP LEARNING.pdf
  Skipped (duplicate): BTECH TME 407 FLUID MECHANICS AND FLUID MACHINES.pdf
  Skipped (duplicate): BTECH TME406 MECHANICS OF MATERIALS.pdf
  Skipped (duplicate): BTECH TME410 AUTOMATION IN PRODUCTION.pdf
  Skipped (duplicate): BTECH TME412 AUTOMOTIVE MATERIALS AND MANUFACTURING TECHNIQUES.pdf
  Skipped (duplicate): BTECH TPE405 ACADEMIC REPORT WRITING AND IPR.pdf
  Skipped (duplicate): BTECHEE TEE403 SIGNAL AND SYSTEMS.pdf
  Skipped (duplicate): 4TH SEM MID TERM 2023 B.TECH BIOTECH.pdf
  Skipped (duplicate): 4TH SEM MID TERM 2023 B.TECH CIVIL.pdf
  Skipped (duplicate): 4TH SEM MID TERM 2023 B.TECH CS.pdf
  Skipped (duplicate): 4TH SEM MID TERM 2023 B.TECH ECE.pdf
  Skipped (duplicate): 4TH SEM MID TERM 2023 B.TECH EE.pdf
  Skipped (duplicate): 4TH SEM MID TERM 2023 B.TECH ME.pdf
  Skipped (duplicate): 4TH SEM MID TERM 2023 B.TECH PETROLEUM.pdf
  Skipped (duplicate): 4th Sem Mid Term March 2024  CIVIL.pdf
  Skipped (duplicate): 4th Sem Mid Term March 2024 B.TECH CSE.pdf
  Skipped (duplicate): 4th Sem Mid Term March 2024 B.TECH ME.pdf
  Skipped (duplicate): 4th Sem Mid Term March 2024 BTECH BIOTECH 2.pdf
  Skipped (duplicate): 4th Sem Mid Term March 2024 BTECH BIOTECH.pdf
  Skipped (duplicate): 4th Sem Mid Term March 2024 BTECH ECE.pdf
  Skipped (duplicate): 4th Sem Mid Term March 2024 EE.pdf
  Skipped (duplicate): 4th Sem Mid Term March 2024 PETROLEUM.pdf
  Skipped (duplicate): BTECH AE TAS 411 INTRO TO UNMANNED AERIAL SYSTEM.pdf
  Skipped (duplicate): BTECH AE TAS406 SOLID MECHANICS.pdf
  Skipped (duplicate): BTECH AEROSPACE ENGG TAS405 AEROSPACE MATERIALS AND MANUFACTUING TECH.pdf
  Skipped (duplicate): BTECH AEROSPACE TAS 404 AIRCRAFT PERFORMANCE.pdf
  Skipped (duplicate): BTECH BIOTECH TBT 404 BIOANALYTICAL TECHNIQUE.pdf
  Skipped (duplicate): BTECH BIOTECHNOLOGY TBT406 ENVIRONMENTAL BIOTECHNOLOGY.pdf
  Skipped (duplicate): BTECH BIOTECHNOLOGY TBT407 WASTE MANAGEMENT AND UPCYCLING.pdf
  Skipped (duplicate): BTECH BT TBT 405 ACADEMIC PAPER WRITING AND IPR.pdf
  Skipped (duplicate): BTECH BT TBT403 BIOPROCESS ENGG.pdf
  Skipped (duplicate): BTECH BT TBT408B PROGRAMMING FOR COMPUTATIONAL BIOLOGY.pdf
  Skipped (duplicate): BTECH BT TBT408C BIORESOURCES TECHNOLOGY FOR SUSTAINABLE DEVELOPMENT.pdf
  Skipped (duplicate): BTECH CE BASIC GEOGRAPHICAL INFORMATION SYSTEMS.pdf
  Skipped (duplicate): BTECH CE TCE401 HYDRAULICS & HYDRAULIC MACHINE.pdf
  Skipped (duplicate): BTECH CE TCE412 FUNDAMENTAL GIS.pdf
  Skipped (duplicate): BTECH CE TCE439 TOWN URBAN PLANNING AND MANAGEMENT.pdf
  Skipped (duplicate): BTECH CSE TCS403 MICROPROCESSORS.pdf
  Skipped (duplicate): BTECH ECE ESR TEC451 INTRO TO ROBOTICS.pdf
  Skipped (duplicate): BTECH ECE IOT TEC491 SENSORS AND SIGNAL CONDITIONING.pdf
  Skipped (duplicate): BTECH ECE TEC401 COMMUNI SYSTEM 1.pdf
  Skipped (duplicate): BTECH ECE TEC402 ANALOG INTEGRATED CIRCUITS.pdf
  Skipped (duplicate): BTECH ECE TEC404 ELECROMAGNATIC FIELD THEORY.pdf
  Skipped (duplicate): BTECH EE TEE402 INTRO TO ELECTRICAL ENERGY SOURCE.pdf
  Skipped (duplicate): BTECH EE TEE403 SIGNALS AND SYSTEMS.pdf
  Skipped (duplicate): BTECH EE TMA401 MATH-3.pdf
  Skipped (duplicate): BTECH ME TME 412 AUTOMOTIVE MATERIAL AND MAUFACTURING TECHNIQUES.pdf
  Skipped (duplicate): BTECH ME TME402 EMBEDDED SYSTEM.pdf
  Skipped (duplicate): BTECH PE TMA403 NUMERICAL & GEOSTATISTICAL.pdf
  Skipped (duplicate): BTECH PE TPE 401 PETROLEUM GEOLOGY.pdf
  Skipped (duplicate): BTECH PE TPE404 APPLIED SEDIEMENTOLOGY.pdf
  Skipped (duplicate): BTECH PE TPE405 ACADEMIC REPORT WRITING AND IPR.pdf
  Skipped (duplicate): BTECH PE TPE413 MUD LOGGING.pdf
  Skipped (duplicate): BTECH TAS401 ACADEMIC REPORT & IPR.pdf
  Skipped (duplicate): BTECH TAS412 INTRO TO SPACE SCIENCE.pdf
  Skipped (duplicate): BTECH TCE402 STRUCTURAL ANALYSIS.pdf
  Skipped (duplicate): BTECH TCS402 FINITE AUTOMATA & FORMAL LANG.pdf
  Skipped (duplicate): BTECH TCS408 PROGRAMMING IN JAVA.pdf
  Skipped (duplicate): BTECH TCS421 FUNDAMENTAL OF STATISTICS AND AI.pdf
  Skipped (duplicate): BTECH TCS464 DEEP LEARNING.pdf
  Skipped (duplicate): BTECH TME 407 FLUID MECHANICS AND FLUID MACHINES.pdf
  Skipped (duplicate): BTECH TME406 MECHANICS OF MATERIALS.pdf
  Skipped (duplicate): Syllabus-2023_compressed_new.pdf
  Skipped (duplicate): 4th sem end term B.Tech  Petroleum  Jun & July 2022.pdf
  Skipped (duplicate): 4th sem end term B.Tech Biotech Jun & July 2022.pdf
  Skipped (duplicate): 4th sem end term B.Tech Civil  Jun & July 2022.pdf
  Skipped (duplicate): 4th sem end term B.Tech CS  Jun & July 2022.pdf
  Skipped (duplicate): 4th sem end term B.Tech ECE  Jun & July 2022.pdf
  Skipped (duplicate): 4th sem end term B.Tech EEE  Jun & July 2022.pdf
  Skipped (duplicate): 4th sem end term B.Tech ME  Jun & July 2022.pdf
  Skipped (duplicate): 4TH SEM END TERM JUNE 2023 BIOTECHNOLOGY.pdf
  Skipped (duplicate): 4TH SEM END TERM JUNE 2023 CIVIL.pdf
  Skipped (duplicate): 4TH SEM END TERM JUNE 2023 CSE.pdf
  Skipped (duplicate): 4TH SEM END TERM JUNE 2023 ECE.pdf
  Skipped (duplicate): 4TH SEM END TERM JUNE 2023 EE.pdf
  Skipped (duplicate): 4TH SEM END TERM JUNE 2023 ME.pdf
  Skipped (duplicate): 4TH SEM END TERM JUNE 2023 PETROLEUM.pdf
  Skipped (duplicate): 4TH SEM END TERM JUN 2024  BTECH ME.pdf
  Skipped (duplicate): 4TH SEM END TERM JUN 2024 B.TECH PETROLEUM.pdf
  Skipped (duplicate): 4TH SEM END TERM JUN 2024 BTECH BIOTECH.pdf
  Skipped (duplicate): 4TH SEM END TERM JUN 2024 BTECH CIVIL ENGINEERING.pdf
  Skipped (duplicate): 4TH SEM END TERM JUN 2024 CSE.pdf
  Skipped (duplicate): 4TH SEM END TERM JUN 2024 ECE.pdf
  Skipped (duplicate): 4TH SEM END TERM JUN 2024 EE.pdf
  Skipped (duplicate): BTECH AEROSPACE ENGG  TAS401 ACADEMIC REPORT WRITING AND IPR.pdf
  Skipped (duplicate): BTECH AEROSPACE ENGG TAS402 AERODYNAMICS-1.pdf
  Skipped (duplicate): BTECH AEROSPACE ENGG TAS404 AIRCRAFT PERFORMANCE.pdf
  Skipped (duplicate): BTECH AEROSPACE ENGG TAS406 AEROSPACE MATERIALS AND MANUFACTURING TECHNOLOGY.pdf
  Skipped (duplicate): BTECH BIOTECH TBT408B PROGRAMMING FOR COMPUTATIONAL BIOLOGY.pdf
  Skipped (duplicate): BTECH BIOTECH TBT408C BIORESOURCE TECHNOLOGY FOR SUSTAINABLE DEVELOPMENT.pdf
  Skipped (duplicate): BTECH BIOTECHNOLOGY TBT401 RECOMBINANT DNA TECHNOLOGY.pdf
  Skipped (duplicate): BTECH BIOTECHNOLOGY TBT404 BIO-ANALYTICAL TECHNIQUE.pdf
  Skipped (duplicate): BTECH BIOTECHNOLOGY TBT405 ACADEMIC PAPER WRITING AND IPR.pdf
  Skipped (duplicate): BTECH BIOTECHNOLOGY TBT406 ENVIRONMENTAL BIOTECHNOLOGY.pdf
  Skipped (duplicate): BTECH BIOTECHNOLOGY TBT407 WASTE MANAGEMENT AND UPCYCLING.pdf
  Skipped (duplicate): BTECH BT TBT403 BIOPROCESS ENGG.pdf
  Skipped (duplicate): BTECH CE TCE401 HYDRAULICS AND HYDRAULIC MACHINES.pdf
  Skipped (duplicate): BTECH CE TCE404 CONCRETE TECHNOLOGY.pdf
  Skipped (duplicate): BTECH CE TCE412 FUNDAMENTALS OF GIS.pdf
  Skipped (duplicate): BTECH CIVIL ENGG TCE439 TOWN URBAN PLANNING AND MANAGEMENT.pdf
  Skipped (duplicate): BTECH CIVIL ENGG TCE499 BASIC GEOGRAPHICAL INFORMATION SYSTEM.pdf
  Skipped (duplicate): BTECH CIVIL TCE403 SOIL MECHANICS.pdf
  Skipped (duplicate): BTECH CSE BIOTECH TCS471 STATISTICAL DATA ANALYSIS WITH R.pdf
  Skipped (duplicate): BTECH CSE TCS403 MICROPROCESSORS.pdf
  Skipped (duplicate): BTECH CSE TCS409 DESIGN AND ANALYSIS OF ALGORITHMS.pdf
  Skipped (duplicate): BTECH CSE TCS421 FUNDAMENTALS OF STASTICS AND AI.pdf
  Skipped (duplicate): BTECH CSE TCS495 FUNDAMENTAL OF CYBER SECURITY.pdf
  Skipped (duplicate): BTECH ECE ESR TEC451 INTRODUCTION TO ROBOTICS.pdf
  Skipped (duplicate): BTECH ECE IOT TEC491 SENSORS AND SIGNAL CONDITIONING.pdf
  Skipped (duplicate): BTECH ECE TEC401 COMMUNICATION SYSTEMS-1.pdf
  Skipped (duplicate): BTECH ECE TEC402 ANALOG INTEGRATED CIRCUIT.pdf
  Skipped (duplicate): BTECH ECE TEC404 ELECTROMAGNETIC FIELD THEORY.pdf
  Skipped (duplicate): BTECH EE TEE402 INTRODUCTION TO ELECTRICAL ENERGY SOURCES.pdf
  Skipped (duplicate): BTECH EE TEE404 DIGITAL ELECTRONICS.pdf
  Skipped (duplicate): BTECH EE TMA401 MATHEMATICS-3.pdf
  Skipped (duplicate): BTECH EE VAC402 ELECTRICAL SAFETY.pdf
  Skipped (duplicate): BTECH INTRODUCTION TO UNMANNED AERIAL SYSTEM TAS411 .pdf
  Skipped (duplicate): BTECH ME TME402 EMBEDDED SYSTEM.pdf
  Skipped (duplicate): BTECH PE TMA403 NUMERICAL AND GEOSTATISTICAL METHODS.pdf
  Skipped (duplicate): BTECH PE TPE401 PETROLEUM GEOLOGY.pdf
  Skipped (duplicate): BTECH PE TPE402 RESERVOIR ENGINEERING.pdf
  Skipped (duplicate): BTECH PE TPE403 HEAT AND MASS TRANSFER.pdf
  Skipped (duplicate): BTECH PE TPE404 APPLIED SEDIMENTOLOGY.pdf
  Skipped (duplicate): BTECH TAS406 SOLID MECHANICS.pdf
  Skipped (duplicate): BTECH TAS412 INTRODUCTION TO SPACE SCIENCE.pdf
  Skipped (duplicate): BTECH TCE402 STRUCTURAL ANALYSIS-1.pdf
  Skipped (duplicate): BTECH TCS402 FINITE AUTOMATA & FORMAL LANGUAGE.pdf
  Skipped (duplicate): BTECH TCS408 JAVA PROGRAMMING.pdf
  Skipped (duplicate): BTECH TCS408 PROGRAMMING IN JAVA.pdf
  Skipped (duplicate): BTECH TCS451 VIRTUALIZATION AND CLOUD COMPUTING.pdf
  Skipped (duplicate): BTECH TCS464 DEEP LEARNING.pdf
  Skipped (duplicate): BTECH TME 407 FLUID MECHANICS AND FLUID MACHINES.pdf
  Skipped (duplicate): BTECH TME406 MECHANICS OF MATERIALS.pdf
  Skipped (duplicate): BTECH TME410 AUTOMATION IN PRODUCTION.pdf
  Skipped (duplicate): BTECH TME412 AUTOMOTIVE MATERIALS AND MANUFACTURING TECHNIQUES.pdf
  Skipped (duplicate): BTECH TPE405 ACADEMIC REPORT WRITING AND IPR.pdf
  Skipped (duplicate): BTECHEE TEE403 SIGNAL AND SYSTEMS.pdf
  Skipped (duplicate): 4TH SEM MID TERM 2023 B.TECH BIOTECH.pdf
  Skipped (duplicate): 4TH SEM MID TERM 2023 B.TECH CIVIL.pdf
  Skipped (duplicate): 4TH SEM MID TERM 2023 B.TECH CS.pdf
  Skipped (duplicate): 4TH SEM MID TERM 2023 B.TECH ECE.pdf
  Skipped (duplicate): 4TH SEM MID TERM 2023 B.TECH EE.pdf
  Skipped (duplicate): 4TH SEM MID TERM 2023 B.TECH ME.pdf
  Skipped (duplicate): 4TH SEM MID TERM 2023 B.TECH PETROLEUM.pdf
  Skipped (duplicate): 4th Sem Mid Term March 2024  CIVIL.pdf
  Skipped (duplicate): 4th Sem Mid Term March 2024 B.TECH CSE.pdf
  Skipped (duplicate): 4th Sem Mid Term March 2024 B.TECH ME.pdf
  Skipped (duplicate): 4th Sem Mid Term March 2024 BTECH BIOTECH 2.pdf
  Skipped (duplicate): 4th Sem Mid Term March 2024 BTECH BIOTECH.pdf
  Skipped (duplicate): 4th Sem Mid Term March 2024 BTECH ECE.pdf
  Skipped (duplicate): 4th Sem Mid Term March 2024 EE.pdf
  Skipped (duplicate): 4th Sem Mid Term March 2024 PETROLEUM.pdf
  Skipped (duplicate): BTECH AE TAS 411 INTRO TO UNMANNED AERIAL SYSTEM.pdf
  Skipped (duplicate): BTECH AE TAS406 SOLID MECHANICS.pdf
  Skipped (duplicate): BTECH AEROSPACE ENGG TAS405 AEROSPACE MATERIALS AND MANUFACTUING TECH.pdf
  Skipped (duplicate): BTECH AEROSPACE TAS 404 AIRCRAFT PERFORMANCE.pdf
  Skipped (duplicate): BTECH BIOTECH TBT 404 BIOANALYTICAL TECHNIQUE.pdf
  Skipped (duplicate): BTECH BIOTECHNOLOGY TBT406 ENVIRONMENTAL BIOTECHNOLOGY.pdf
  Skipped (duplicate): BTECH BIOTECHNOLOGY TBT407 WASTE MANAGEMENT AND UPCYCLING.pdf
  Skipped (duplicate): BTECH BT TBT 405 ACADEMIC PAPER WRITING AND IPR.pdf
  Skipped (duplicate): BTECH BT TBT403 BIOPROCESS ENGG.pdf
  Skipped (duplicate): BTECH BT TBT408B PROGRAMMING FOR COMPUTATIONAL BIOLOGY.pdf
  Skipped (duplicate): BTECH BT TBT408C BIORESOURCES TECHNOLOGY FOR SUSTAINABLE DEVELOPMENT.pdf
  Skipped (duplicate): BTECH CE BASIC GEOGRAPHICAL INFORMATION SYSTEMS.pdf
  Skipped (duplicate): BTECH CE TCE401 HYDRAULICS & HYDRAULIC MACHINE.pdf
  Skipped (duplicate): BTECH CE TCE412 FUNDAMENTAL GIS.pdf
  Skipped (duplicate): BTECH CE TCE439 TOWN URBAN PLANNING AND MANAGEMENT.pdf
  Skipped (duplicate): BTECH CSE TCS403 MICROPROCESSORS.pdf
  Skipped (duplicate): BTECH ECE ESR TEC451 INTRO TO ROBOTICS.pdf
  Skipped (duplicate): BTECH ECE IOT TEC491 SENSORS AND SIGNAL CONDITIONING.pdf
  Skipped (duplicate): BTECH ECE TEC401 COMMUNI SYSTEM 1.pdf
  Skipped (duplicate): BTECH ECE TEC402 ANALOG INTEGRATED CIRCUITS.pdf
  Skipped (duplicate): BTECH ECE TEC404 ELECROMAGNATIC FIELD THEORY.pdf
  Skipped (duplicate): BTECH EE TEE402 INTRO TO ELECTRICAL ENERGY SOURCE.pdf
  Skipped (duplicate): BTECH EE TEE403 SIGNALS AND SYSTEMS.pdf
  Skipped (duplicate): BTECH EE TMA401 MATH-3.pdf
  Skipped (duplicate): BTECH ME TME 412 AUTOMOTIVE MATERIAL AND MAUFACTURING TECHNIQUES.pdf
  Skipped (duplicate): BTECH ME TME402 EMBEDDED SYSTEM.pdf
  Skipped (duplicate): BTECH PE TMA403 NUMERICAL & GEOSTATISTICAL.pdf
  Skipped (duplicate): BTECH PE TPE 401 PETROLEUM GEOLOGY.pdf
  Skipped (duplicate): BTECH PE TPE404 APPLIED SEDIEMENTOLOGY.pdf
  Skipped (duplicate): BTECH PE TPE405 ACADEMIC REPORT WRITING AND IPR.pdf
  Skipped (duplicate): BTECH PE TPE413 MUD LOGGING.pdf
  Skipped (duplicate): BTECH TAS401 ACADEMIC REPORT & IPR.pdf
  Skipped (duplicate): BTECH TAS412 INTRO TO SPACE SCIENCE.pdf
  Skipped (duplicate): BTECH TCE402 STRUCTURAL ANALYSIS.pdf
  Skipped (duplicate): BTECH TCS402 FINITE AUTOMATA & FORMAL LANG.pdf
  Skipped (duplicate): BTECH TCS408 PROGRAMMING IN JAVA.pdf
  Skipped (duplicate): BTECH TCS421 FUNDAMENTAL OF STATISTICS AND AI.pdf
  Skipped (duplicate): BTECH TCS464 DEEP LEARNING.pdf
  Skipped (duplicate): BTECH TME 407 FLUID MECHANICS AND FLUID MACHINES.pdf
  Skipped (duplicate): BTECH TME406 MECHANICS OF MATERIALS.pdf
  Skipped (duplicate): Syllabus-2023_compressed_new.pdf
  Skipped (duplicate): 1st sem BBA 2019.pdf
  Skipped (duplicate): 1st sem END 2017  M.C.A. ,MSC.IT..pdf
  Skipped (duplicate): 1st sem END 2017 B.C.A. ,B.Sc. IT..pdf
  Skipped (duplicate): 1st sem END 2017 B.COM. (H).pdf
  Skipped (duplicate): 1ST SEM END B.C.A. 2018.pdf
  Skipped (duplicate): 1ST SEM END B.COM. (H) 2018.pdf
  Skipped (duplicate): 1ST SEM END B.SC CS 2018.pdf
  Skipped (duplicate): 1ST SEM END B.SC IT 2018.pdf
  Skipped (duplicate): 1ST SEM END M.C.A. ,M.SC. IT 2018.pdf
  Skipped (duplicate): 1ST SEM MCA MSC IT JAN 2023 END TERM.pdf
  Skipped (duplicate): 1st sem BCA BSC CS 2019.pdf
  Skipped (duplicate): 1st sem BCom 2019.pdf
  Skipped (duplicate): 1st sem BSC IT 2019.pdf
  Skipped (duplicate): 1st sem MCA MSCIT 2019.pdf
  Skipped (duplicate): 1ST SEM MCA MSC IT JAN 2023 END TERM.pdf
  Skipped (duplicate): 2023 JAN 1ST SEM BCA END TERM.pdf
  Skipped (duplicate): 2023 Jan 1st SEM BSC CS BSC IT.pdf
  Skipped (duplicate): 2023 jan 1st sem end term B.Com Hons..pdf
  Skipped (duplicate): BCA BSC CS BSC IT  FIRST SEM DEC END TERM 2023.pdf
  Skipped (duplicate): BCOM HONS.  FIRST SEM DEC END TERM 2023.pdf
  Skipped (duplicate): MCA MSC IT  FIRST SEM DEC END TERM 2023.pdf
  Skipped (duplicate): 2023 JAN 1ST SEM BCA END TERM.pdf
  Skipped (duplicate): 2023 Jan 1st SEM BSC CS BSC IT.pdf
  Skipped (duplicate): 2023 jan 1st sem end term B.Com Hons..pdf
  Skipped (duplicate): 1st sem BCA MID TERM 2022.pdf
  Skipped (duplicate): 1st sem BSc. IT.pdf
  Skipped (duplicate): 1ST SEM MID M.C.A MSC IT  2022.pdf
  Skipped (duplicate): 1st sem mid term 2022 b.com.pdf
  Skipped (duplicate): 1st sem MID TERM BSC CS BSC IT 2022.pdf
  Skipped (duplicate): 1st sem MID TERM BSC CS BSC IT.pdf
  Skipped (duplicate): 1ST SEM MID TERM OCT 2023 BCA BSC CS BSC IT.pdf
  Skipped (duplicate): 1ST SEM MID TERM OCT 2023 BCOM HONS..pdf
  Skipped (duplicate): 1ST SEM MID TERM OCT 2023 MCA MSC IT.pdf
  Skipped (duplicate): B.C.A 2021.pdf
  Skipped (duplicate): B.COM H 2021.pdf
  Skipped (duplicate): B.SC 2021.pdf
  Skipped (duplicate): M C A MSC 2021.pdf
  Skipped (duplicate): 2ND SEM END B.C.A. 2018.pdf
  Skipped (duplicate): 2ND SEM END B.COM. (H) 2018.pdf
  Skipped (duplicate): 2ND SEM END B.SC.IT 2018.pdf
  Skipped (duplicate): 2ND SEM END M.C.A. 2018.pdf
  Skipped (duplicate): 2ND SEM END M.SC.IT 2018.pdf
  Skipped (duplicate): 2ND SEM END B.C.A.2019.pdf
  Skipped (duplicate): 2ND SEM END B.COM.(H)2019.pdf
  Skipped (duplicate): 2ND SEM END B.SC. FT. 2019.pdf
  Skipped (duplicate): 2ND SEM END B.SC.IT. 2019.pdf
  Skipped (duplicate): 2ND SEM END M.C.A.2019.pdf
  Skipped (duplicate): 2ND SEM END M.SC.BIOTECHNOLOGY 2019.pdf
  Skipped (duplicate): 2ND SEM END M.SC.IT2019.pdf
  Skipped (duplicate): TBC-201 TBI-201 TBS-201.pdf
  Skipped (duplicate): TBC-202.pdf
  Skipped (duplicate): TBC-203.pdf
  Skipped (duplicate): TBC-204.pdf
  Skipped (duplicate): TBC-205 TBI-204 TBS-205.pdf
  Skipped (duplicate): TBI-202.pdf
  Skipped (duplicate): TBI-203 TBS-202.pdf
  Skipped (duplicate): TBI-205.pdf
  Skipped (duplicate): TBS-203.pdf
  Skipped (duplicate): TBS-204.pdf
  Skipped (duplicate): TEV-211 BSCM-204.pdf
  Skipped (duplicate): BCH-201.pdf
  Skipped (duplicate): BCH-202(ACCA).pdf
  Skipped (duplicate): BCH-202.pdf
  Skipped (duplicate): BCH-203.pdf
  Skipped (duplicate): BCH-204.pdf
  Skipped (duplicate): BCH-205 (ACCA).pdf
  Skipped (duplicate): BCH-205.pdf
  Skipped (duplicate): TMC-201 TMI-202.pdf
  Skipped (duplicate): TMC-202.pdf
  Skipped (duplicate): TMC-203.pdf
  Skipped (duplicate): TMC-204 TMI-201.pdf
  Skipped (duplicate): TMC-205.pdf
  Skipped (duplicate): TMC-206 TMI-204.pdf
  Skipped (duplicate): TMI-205.pdf
  Skipped (duplicate): Untitled.pdf
  Skipped (duplicate): 2ND SEM END TERM JUNE 2023 BCA BSCIT BSC CS.pdf
  Skipped (duplicate): 2ND SEM END TERM JUNE 2023 BCOM.pdf
  Skipped (duplicate): 2ND SEM END TERM JUNE 2023 MCA MSC IT.pdf
  Skipped (duplicate): 2nd Sem End Term Jun 2024 BCA BSC IT BSC CS.pdf
  Skipped (duplicate): 2nd Sem End Term Jun 2024 BCOM.pdf
  Skipped (duplicate): 2nd Sem End Term Jun 2024 MCA MSC IT.pdf
  Skipped (duplicate): 2ND SEM MID B.COM. (H)  2022.pdf
  Skipped (duplicate): 2ND SEM MID M.C.A.  2022.pdf
  Skipped (duplicate): 2nd sem mid term B.Sc CS  May 2022.pdf
  Skipped (duplicate): 2ND SEM MID TERM 2023 BBA.pdf
  Skipped (duplicate): 2ND SEM MID TERM 2023 BCA BSCIT BSC CS.pdf
  Skipped (duplicate): 2ND SEM MID TERM 2023 BCOM.pdf
  Skipped (duplicate): 2ND SEM MID TERM 2023 MCA MSC IT.pdf
  Skipped (duplicate): 2nd Sem Mid Term Mach 2024 BCOM.pdf
  Skipped (duplicate): 2nd Sem Mid Term March 2024  BSC IT BSC CS BCA.pdf
  Skipped (duplicate): 2nd Sem Mid Term March 2024 MCA MSC IT.pdf
  Skipped (duplicate): BCA AI DS TBD202 FUNDAMENTAL OF PYTHON.pdf
  Skipped (duplicate): BCA AI DS TBD203 FOUNDATIONS OF AI.pdf
  Skipped (duplicate): BCA BCA AI DS CS CL TBC 204 TBD 204 TBL211 PROBABILITY AND STATISTICS FOR DS.pdf
  Skipped (duplicate): BCA CYBER SECURITY TBL202 COMPUTER NETWORKS.pdf
  Skipped (duplicate): BCA CYBER SECURITY TBL203 CYBER SECURITY ESSEN.pdf
  Skipped (duplicate): BCA CYBER SECURITY TBL204 DIGITAL PRINCIPLES AND COMPUTER ORGANIZATION.pdf
  Skipped (duplicate): BCA TBC202 INTRO TO OOP.pdf
  Skipped (duplicate): BCA TBC203 INTRODUCTION TO OS.pdf
  Skipped (duplicate): BCA TBC211 FUNDAMENTAL OF PYTHON PROGRAMMING.pdf
  Skipped (duplicate): BCOM BCH201 HRM.pdf
  Skipped (duplicate): BCOM BCH201AC FINANCIAL REPORTING.pdf
  Skipped (duplicate): BCOM BCH202 BUISNESS STATISTICS.pdf
  Skipped (duplicate): BCOM BCH203 MACRO ECONOMICS.pdf
  Skipped (duplicate): BCOM BCH203CM FINANCIAL CONTROL.pdf
  Skipped (duplicate): BCOM BUISNESS FINANCE BCH20.pdf
  Skipped (duplicate): BCOMACCA BCH202AC MANAGEMENT ACCOUNTING.pdf
  Skipped (duplicate): BSC CS BSC IT TBS202 TBI202 INTRODUCTION TO OOP USING C++.pdf
  Skipped (duplicate): BSC CS CAD201 INTRO TO DS.pdf
  Skipped (duplicate): BSC CS TBS204 DIGITAL ELECTRONICS.pdf
  Skipped (duplicate): BSC IT BSC CS TBI203 TBS203 FOUNDATION OF CS MFCS.pdf
  Skipped (duplicate): MCA MSC IT TMC 211 TMI211 MACHINE LEARNING.pdf
  Skipped (duplicate): MCA TMC201 ADVANCE DATABASE MANG SYSTEM.pdf
  Skipped (duplicate): MCA TMC202 ADVANCE JAVA PROG.pdf
  Skipped (duplicate): MSC IT TMI201 DATABASE MANG SYST.pdf
  Skipped (duplicate): MSC IT TMI202 JAVA PROGRAMMING.pdf
  Skipped (duplicate): MSC IT TMI204 PYTHON PROGR.pdf
  Skipped (duplicate): 3rd Sem BCA Bsc IT 2019.pdf
  Skipped (duplicate): 3RD SEM BCA BSC IT JAN 2023.pdf
  Skipped (duplicate): 3rd sem bcom 2019.pdf
  Skipped (duplicate): 3rd sem BSC CS 2019.pdf
  Skipped (duplicate): 3RD SEM BSC CS JAN 2023.pdf
  Skipped (duplicate): 3rd sem Bsc IT 2019.pdf
  Skipped (duplicate): 3RD SEM END B.C.A 2018.pdf
  Skipped (duplicate): 3rd sem END B.C.A. ,B.SC. IT..pdf
  Skipped (duplicate): 3RD SEM END B.COM 2018.pdf
  Skipped (duplicate): 3rd sem END B.COM. (H).pdf
  Skipped (duplicate): 3RD SEM END B.SC IT 2018.pdf
  Skipped (duplicate): 3RD SEM END M.C.A 2018.pdf
  Skipped (duplicate): 3RD SEM END M.C.A 2023 JAN.pdf
  Skipped (duplicate): 3rd sem END M.C.A. ,M.SC. IT..pdf
  Skipped (duplicate): 3RD SEM END M.SC IT 2018.pdf
  Skipped (duplicate): 3RD SEM END TERM BCOM JAN 2023.pdf
  Skipped (duplicate): 3rd sem MCA Msc IT 2019.pdf
  Skipped (duplicate): 3RD SEM MSC IT 2023 JAN.pdf
  Skipped (duplicate): 3rd SEM MID TERM OCT 2023 B.COM HONS..pdf
  Skipped (duplicate): 3rd SEM MID TERM OCT 2023 BSC CS BCA BSC IT.pdf
  Skipped (duplicate): 3rd SEM MID TERM OCT 2023 MCA.pdf
  Skipped (duplicate): 3rd B.COM HONS 2021.pdf
  Skipped (duplicate): 3RD BCA.pdf
  Skipped (duplicate): 3RD M.C.A.pdf
  Skipped (duplicate): 3RD M.SC (IT).pdf
  Skipped (duplicate): 3rd sem B.C.A. ,B.Sc(IT).pdf
  Skipped (duplicate): 3rd sem B.COM. (H).pdf
  Skipped (duplicate): 3rd sem M.C.A. , M.Sc. (IT).pdf
  Skipped (duplicate): 3RD SEM MID B.C.A. 2018.pdf
  Skipped (duplicate): 3RD SEM MID B.COM. (H) 2018.pdf
  Skipped (duplicate): 3RD SEM MID B.SC. IT 2018.pdf
  Skipped (duplicate): 3RD SEM MID M.C.A. 2018.pdf
  Skipped (duplicate): 3RD SEM MID TERM B.C.A. B.SC (CS) 2019.PDF
  Skipped (duplicate): 3RD SEM MID TERM B.COM (H) 2019.PDF
  Skipped (duplicate): 3RD SEM MID TERM B.SC (H) 2019.PDF
  Skipped (duplicate): 3RD SEM MID TERM B.SC( IT) 2019.PDF
  Skipped (duplicate): 3RD SEM MID TERM M.C.A. 2019.PDF
  Skipped (duplicate): 3RD MID SEM BCA 2022.pdf
  Skipped (duplicate): BCH-301 CMA.pdf
  Skipped (duplicate): BCH-301.pdf
  Skipped (duplicate): BCH-302 ACCA.pdf
  Skipped (duplicate): BCH-302.pdf
  Skipped (duplicate): BCH-303 ACCA.pdf
  Skipped (duplicate): BCH-303.pdf
  Skipped (duplicate): BCH-305 CMA.pdf
  Skipped (duplicate): BCH-305.pdf
  Skipped (duplicate): BCH-306.pdf
  Skipped (duplicate): TMC-302.pdf
  Skipped (duplicate): TMC-303.pdf
  Skipped (duplicate): TMC-304.pdf
  Skipped (duplicate): TMC-305.pdf
  Skipped (duplicate): TMC-306.pdf
  Skipped (duplicate): TMI-301.pdf
  Skipped (duplicate): TMI-302.pdf
  Skipped (duplicate): TMI-303.pdf
  Skipped (duplicate): TMI-304.pdf
  Skipped (duplicate): TMI-305.pdf
  Skipped (duplicate): 4TH SEM END B.C.A. 2018.pdf
  Skipped (duplicate): 4TH SEM END B.COM. (H) 2018.pdf
  Skipped (duplicate): 4TH SEM END B.SC.IT 2018.pdf
  Skipped (duplicate): 4TH SEM END M.SC.IT 2018.pdf
  Skipped (duplicate): 4TH SEM END MC.A. 2018.pdf
  Skipped (duplicate): 4TH SEM END B.C.A.2019.pdf
  Skipped (duplicate): 4TH SEM END B.COM (H) 2019+.pdf
  Skipped (duplicate): 4TH SEM END B.COM. (H) 2019.pdf
  Skipped (duplicate): 4TH SEM END B.SC. FT. 2019.pdf
  Skipped (duplicate): 4TH SEM END B.SC. IT.2019.pdf
  Skipped (duplicate): 4TH SEM END M.C.A , M.SC.IT. 2019.pdf
  Skipped (duplicate): end term 4th sem B.com  jun july 2022.pdf
  Skipped (duplicate): end term 4th sem b.sc it jun july 2022.pdf
  Skipped (duplicate): end term 4th sem BCA June July 2022.pdf
  Skipped (duplicate): end term 4th sem BSc CS 2022.pdf
  Skipped (duplicate): end term 4th sem MCA MSC IT 2022.pdf
  Skipped (duplicate): 4TH SEM END TERM 2023 MCA.pdf
  Skipped (duplicate): 4TH SEM END TERM 2023 MSC IT.pdf
  Skipped (duplicate): 4TH SEM END TERM JUN 2023 BCA BSC IT BSC CS.pdf
  Skipped (duplicate): 4TH SEM END TERM JUN 2023 BCOM HONS..pdf
  Skipped (duplicate): 4TH SEM END TERM JUN 2024 BCA BSC IT BSC CS.pdf
  Skipped (duplicate): 4TH SEM END TERM JUN 2024 BCOM HONS..pdf
  Skipped (duplicate): 4TH SEM END TERM JUN 2024 MSC IT MCA.pdf
  Skipped (duplicate): 4th sem MID B.C.A.pdf
  Skipped (duplicate): 4th sem MID B.COM .pdf
  Skipped (duplicate): 4th sem MID BSC.IT.pdf
  Skipped (duplicate): 4th sem MID M.C.A, MSC. IT.pdf
  Skipped (duplicate): 4TH SEM MID M.C.A+.pdf
  Skipped (duplicate): 4TH SEM MID M.C.A.pdf
  Skipped (duplicate): 4th sem mid term B.Com Hons. April May 2022.pdf
  Skipped (duplicate): 4th sem mid term BCA BSCIT BSC CS. April May 2022.pdf
  Skipped (duplicate): 4th sem mid term MCA MSC IT April May 2022.pdf
  Skipped (duplicate): 4TH SEM MID TERM 2023 B.COM HONS..pdf
  Skipped (duplicate): 4TH SEM MID TERM 2023 BCA.pdf
  Skipped (duplicate): 4TH SEM MID TERM 2023 BSC HONS.  CS.pdf
  Skipped (duplicate): 4TH SEM MID TERM 2023 BSC IT.pdf
  Skipped (duplicate): 4TH SEM MID TERM 2023 MCA.pdf
  Skipped (duplicate): 4th Sem Mid Term March 2024  MCA MSC IT.pdf
  Skipped (duplicate): 4th Sem Mid Term March 2024 BCOM.pdf
  Skipped (duplicate): 4th Sem Mid Term March 2024 BSC CS BCA BSC IT.pdf
  Skipped (duplicate): 4th Sem Mid Term March 2024 MCA MSC IT.pdf
  Skipped (duplicate): BCA BSC CS BSC IT  5TH SEM END TERM DEC 2023.pdf
  Skipped (duplicate): BCOM H  5TH SEM END TERM DEC 2023.pdf
  Skipped (duplicate): 5TH (B.C.A.) 2021 end.pdf
  Skipped (duplicate): 5TH SEM BCA 2019.pdf
  Skipped (duplicate): 5th sem BCOM (Hons.) 2019.pdf
  Skipped (duplicate): 5TH SEM BSC IT 2019.pdf
  Skipped (duplicate): 5th sem END B.C.A..pdf
  Skipped (duplicate): 5TH SEM END B.COM (H) 2018.pdf
  Skipped (duplicate): 5th sem END B.COM. (H).pdf
  Skipped (duplicate): 5TH SEM END B.SC IT 2018.pdf
  Skipped (duplicate): 5TH SEM END BCA 2018.pdf
  Skipped (duplicate): 5th sem END M.C.A..pdf
  Skipped (duplicate): 5TH SEM END MCA 2018.pdf
  Skipped (duplicate): 5TH SEM END TERM DEC 2022 B.COM HONS..pdf
  Skipped (duplicate): 5th sem END TERM DEC 2022 BSC CS BSC IT BCA.pdf
  Skipped (duplicate): 5th sem mca 2019.pdf
  Skipped (duplicate): 5TH(M.C.A.) 2021 end.pdf
  Skipped (duplicate): 5TH. B.COM.(HONS.) 2021 end.pdf
  Skipped (duplicate): 5TH SEM MID TERM OCT 2023 BCA BSC IT BSC CS.pdf
  Skipped (duplicate): 5TH SEM MID TERM OCT 2023 BCOM.pdf
  Skipped (duplicate): 5th sem B.C.A..pdf
  Skipped (duplicate): 5th sem B.COM. (H).pdf
  Skipped (duplicate): 5th sem M.C.A..pdf
  Skipped (duplicate): 5TH SEM MID B.C.A. 2018.pdf
  Skipped (duplicate): 5TH SEM MID B.COM. (H) 2018.pdf
  Skipped (duplicate): 5TH SEM MID B.SC IT. 2018.pdf
  Skipped (duplicate): 5TH SEM MID TERM B.C.A. 2019.PDF
  Skipped (duplicate): 5TH SEM MID TERM B.COM (H) 2019.PDF
  Skipped (duplicate): 5TH SEM MID TERM B.SC (IT) 2019.PDF
  Skipped (duplicate): BCH-501 INTERNATIONAL BUSINESS.pdf
  Skipped (duplicate): BCH-501(ACCA) FINANCIAL MANAGEMENT.pdf
  Skipped (duplicate): BCH-502 INCOME TAX LAW AND PRACTICE.pdf
  Skipped (duplicate): BCH-502(F2) AUDITING.pdf
  Skipped (duplicate): BCH-503 ENTREPRENEURSHIP AND SMALL BUSINESS.pdf
  Skipped (duplicate): BCH-503(ACCA) AUDITING & ASSURANCE.pdf
  Skipped (duplicate): BCH-504(F1) ACCA CORPORAT REPORTING.pdf
  Skipped (duplicate): BCH-504(F1) MANAGEMENT ACCOUNTING.pdf
  Skipped (duplicate): BCH-504(H1) OB.pdf
  Skipped (duplicate): BCH-504(M1) MARKET RESEARCH.pdf
  Skipped (duplicate): BCH-505(F2) ADVANCE PERFORMANCE MANAGEMENT.pdf
  Skipped (duplicate): BCH-505(H2).pdf
  Skipped (duplicate): BCH-505(M2) INTEGRATED MARKETING COMMUNICATIONS.pdf
  Skipped (duplicate): TBC-501 SCRIPTING LANGUAGE.pdf
  Skipped (duplicate): TBC-502 PROGRAMMING WITH .NET C#.pdf
  Skipped (duplicate): TBC-503 OPTIMIZATION TECHNIUES.pdf
  Skipped (duplicate): TBC-504 TBS-505 CRYPTOGRAPHY.pdf
  Skipped (duplicate): TBC-505 DISTRIBUTED SYSTEM.pdf
  Skipped (duplicate): TBI-501 PROGRAMMING WITH C# .NET.pdf
  Skipped (duplicate): TBI-502 TBS-504 FULL STACK DEVELOPMENT WEB TECHNOLOGY.pdf
  Skipped (duplicate): TBI-503 DISTRIBUTED SYSTEM.pdf
  Skipped (duplicate): TBS-501 DATA WAREHOUSING AND MINING.pdf
  Skipped (duplicate): TBS-502 FUNDAMENTALS OF COMPUTER GRAPHICS.pdf
  Skipped (duplicate): TBS-503 ANDROID PROGRAMMING.pdf
  Skipped (duplicate): 6TH SEM END B.C.A. 2018.pdf
  Skipped (duplicate): 6TH SEM END B.COM. (H) 2018.pdf
  Skipped (duplicate): 6TH SEM END B.A.ECO(H)+B.COM.(H)2019.pdf
  Skipped (duplicate): 6TH SEM END B.C.A.2019.pdf
  Skipped (duplicate): 6TH SEM END TERM BCA 2022.pdf
  Skipped (duplicate): 6TH SEM END TERM BCOM 2022.pdf
  Skipped (duplicate): 6TH SEM END TERM BSC CS 2022.pdf
  Skipped (duplicate): 6TH SEM END TERM BSC IT 2022.pdf
  Skipped (duplicate): 6TH SEM END TERM JUNE 2023 BCA BSC IT BSC CS.pdf
  Skipped (duplicate): 6TH SEM END TERM JUNE 2023 BCOM HONS.pdf
  Skipped (duplicate): 6TH SEM END TERM JUN 2024 BCA BSC IT BSC CS.pdf
  Skipped (duplicate): 6TH SEM END TERM JUN 2024 BCOM.pdf
  Skipped (duplicate): 6th sem MID B.C.A.pdf
  Skipped (duplicate): 6th sem MID B.COM.pdf
  Skipped (duplicate): 6TH SEM MID B.C.A.pdf
  Skipped (duplicate): 6TH SEM MID B.COM. (H).pdf
  Skipped (duplicate): 6TH SEM mid term  bsc it.pdf
  Skipped (duplicate): 6TH SEM MID TERM BCA 2022 APRIL MAY.pdf
  Skipped (duplicate): 6TH SEM MID TERM BCOM HONS.  2022 APRIL MAY.pdf
  Skipped (duplicate): 6TH SEM MID TERM BSC CS 2022 APRIL MAY.pdf
  Skipped (duplicate): 6TH SEM MID TERM BSC IT 2022 APRIL MAY.pdf
  Skipped (duplicate): 6TH SEM MID TERM 2023  BSC IT.pdf
  Skipped (duplicate): 6TH SEM MID TERM 2023 BCA.pdf
  Skipped (duplicate): 6TH SEM MID TERM 2023 BCOM HONS.pdf
  Skipped (duplicate): 6TH SEM MID TERM BSC HONS. COMPUTER SCIENCE.pdf
  Skipped (duplicate): 6th Sem Mid Term March 2024 BCA BSC IT BSC CS.pdf
  Skipped (duplicate): 6th Sem Mid Term March 2024 BSC CS.pdf
  Skipped (duplicate): 1ST SEM END M.B.A. 2018.pdf
  Skipped (duplicate): 1st sem MBA 2019.pdf
  Skipped (duplicate): 2023 JAN  END TERM 1ST SEM MBA.pdf
  Skipped (duplicate): MBA  FIRST SEM DEC END TERM 2023.pdf
  Skipped (duplicate): MBA AI DS  FIRST SEM END TERM DEC 2023.pdf
  Skipped (duplicate): 2023 JAN  END TERM 1ST SEM MBA.pdf
  Skipped (duplicate): 1st sem END M.B.A..pdf
  Skipped (duplicate): 1st sem MBA.pdf
  Skipped (duplicate): 1ST SEM MID M,B.A. 2018.pdf
  Skipped (duplicate): 1ST SEM MID TERM OCT 2023 MBA AI DS.pdf
  Skipped (duplicate): 1ST SEM MID TERM OCT 2023 MBA.pdf
  Skipped (duplicate): M.B.A 2021.pdf
  Skipped (duplicate): M.B.A 2022 1ST SEM MID.pdf
  Skipped (duplicate): M.B.A. 1ST SEM MID TERM 2019.PDF
  Skipped (duplicate): MBA (AI &DS) 2021.pdf
  Skipped (duplicate): 2ND SEM END M.B.A+.pdf
  Skipped (duplicate): 2ND SEM END M.B.A.pdf
  Skipped (duplicate): 2ND SEM END M.B.A.2019.pdf
  Skipped (duplicate): MAI-201.pdf
  Skipped (duplicate): MAI-202.pdf
  Skipped (duplicate): MAI-203.pdf
  Skipped (duplicate): MAI-204.pdf
  Skipped (duplicate): MAI-205.pdf
  Skipped (duplicate): MAI-206(DS).pdf
  Skipped (duplicate): 2ND SEM END TERM JUNE 2023 MBA AI & DS.pdf
  Skipped (duplicate): 2ND SEM END TERM JUNE 2023 MBA.pdf
  Skipped (duplicate): 2nd Sem End Term Jun 2024 mba.pdf
  Skipped (duplicate): 2ND SEM MID M.B.A.  2022.pdf
  Skipped (duplicate): 2ND SEM MID M.B.A.  AI DS 2022.pdf
  Skipped (duplicate): 2ND SEM MID M.B.A. 2019.pdf
  Skipped (duplicate): 2nd sem MID M.B.A.pdf
  Skipped (duplicate): 2ND SEM MID TERM 2023 MBA.pdf
  Skipped (duplicate): 2nd Sem Mid Term March 2024 MBA AI & DS.pdf
  Skipped (duplicate): 2nd Sem Mid Term March 2024 MBA.pdf
  Skipped (duplicate): 3rd Sem MBA 2023 jan.pdf
  Skipped (duplicate): MBA AI DS 3rd SEM END TERM DEC 2023.pdf
  Skipped (duplicate): 3RD SEM END M.B.A + 2018.pdf
  Skipped (duplicate): 3RD SEM END M.B.A ++ 2018.pdf
  Skipped (duplicate): 3RD SEM END M.B.A 2018.pdf
  Skipped (duplicate): 3rd sem END M.B.A..pdf
  Skipped (duplicate): 3rd Sem MBA 2019.pdf
  Skipped (duplicate): 3RD M.B.A AI 2021.pdf
  Skipped (duplicate): 3rd MBA 2021.pdf
  Skipped (duplicate): 3rd MBA 2022 oct.pdf
  Skipped (duplicate): 3rd sem M.B.A..pdf
  Skipped (duplicate): 3rd SEM MID TERM OCT 2023 MBA.pdf
  Skipped (duplicate): 4TH SEM END M.B.A 2018.pdf
  Skipped (duplicate): 4TH SEM END M.B.A.2019.pdf
  Skipped (duplicate): 4TH SEM END TERM JUN 2024 MBA.pdf
  Skipped (duplicate): 4TH SEM END TERM JUNE 2023 MBA.pdf
  Skipped (duplicate): 4TH SEM MID M.B.A 2019.pdf
  Skipped (duplicate): 4th sem mid term MBA April May 2022.pdf
  Skipped (duplicate): 4TH SEM MID TERM 2023 MBA.pdf
  Skipped (duplicate): 4th Sem Mid Term March 2024  MBA.pdf
  Skipped (duplicate): 4th Sem Mid Term March 2024 MBA 2.pdf
  Skipped (duplicate): MTECH ACME01 ENGLISH FOR RESEARCH PAPER WRITING.pdf
  Skipped (duplicate): MTECH CAD CAM DEME 11 ADVANCED MACHINE DESIGN.pdf
  Skipped (duplicate): MTECH CAD CAM MME 103 COMPUTER AIDED MANUFACTURING.pdf
  Skipped (duplicate): MTECH CAD MME101.pdf
  Skipped (duplicate): MTECH CLOUD COMPUTNG MCS 125.pdf
  Skipped (duplicate): MTECH CSE MCS 102 MOBILE COMPUTING.pdf
  Skipped (duplicate): MTECH CSE MCS 103 ADVANCE OPERATING SYSTEMS.pdf
  Skipped (duplicate): MTECH CSE MCS 104 NETWORKING PROTOCOLS.pdf
  Skipped (duplicate): MTECH CSE MCS114 RESEARCH METHODOLOGY & IPR.pdf
  Skipped (duplicate): MTECH DEME21 ADVANCED ENGG MTERIALS.pdf
  Skipped (duplicate): MTECH GEO INFORMATICS DIGITAL IMAGE PROCESSING MGI105.pdf
  Skipped (duplicate): MTECH GEO INFORMATICS MGI 101 FUNDAMENTALS OF REMOTE SENSING.pdf
  Skipped (duplicate): MTECH GEO INFORMATICS MGI 102 FUNDAMENTAL OF GEOGRAHPIC INFORMATION SYSTEMS.pdf
  Skipped (duplicate): MTECH GEO INFORMATICS MGI 103 PROBABILITY & STATISTICS FOR ENGG.pdf
  Skipped (duplicate): MTECH MACHINE LEARNING MCS 128.pdf
  Skipped (duplicate): MTECH STRUCTURAL ENGG MSE 101 THEORY OF ELASTICITY AND PLASTICITY.pdf
  Skipped (duplicate): MTECH STRUCTURAL ENGG MSE 102 FEM IN STRUCTURAL ENGG.pdf
  Skipped (duplicate): MTECH STRUCTURAL ENGG MSE 103 STRUCTURAL DYNAMICS.pdf
  Skipped (duplicate): MTECH STRUCTURAL ENGG MSE 104 COMPUTER AIDED ANALYSIS OF STRUCTURES.pdf
  Skipped (duplicate): MTECH STRUCTURAL ENGG MSE105 THEORY OF PLATES & SHELLS.pdf
  Skipped (duplicate): MTECH VLSI DESIGN AND SYSTEMS VDM101 SEMICONDUCTOR MATERIAL AND DEVICES.pdf
  Skipped (duplicate): MTECH VLSI DESIGN SYSTEM VDM 102 CMOS ANALOG CIRCUIT DESIGN.pdf
  Skipped (duplicate): MTECH VLSI VDM 103 ADVANCED DIGITAL INTEGRATED CIRCUIT.pdf
  Skipped (duplicate): MTECH VLSI VDM 104 VLSI TECHNOLOGY.pdf
  Skipped (duplicate): VDM 141 MTECH VLSI ADVANCED NANOTECHNOLOGY.pdf
  Skipped (duplicate): MTECH BEM102 BIOMEDICAL INSTRUMENTATION.pdf
  Skipped (duplicate): MTECH BIOMEDICAL ENG BEM143 NANOTECH IN MEDICINE.pdf
  Skipped (duplicate): MTECH BIOMEDICAL ENGG BEM101 BIOMATERIALS ENGINEERING.pdf
  Skipped (duplicate): MTECH BIOMEDICAL ENGG BEM103.pdf
  Skipped (duplicate): MTECH BIOMEDICAL ENGG BEM104 BIOPHOTONICS.pdf
  Skipped (duplicate): MTECH CLOUD COMPUTING MCS125.pdf
  Skipped (duplicate): MTECH CSE MCS102 MOBILE COMPUTING.pdf
  Skipped (duplicate): MTECH CSE MCS103 ADVANCE OPERATING SYSTEMS.pdf
  Skipped (duplicate): MTECH CSE MCS104 NETWORKING PROTOCOLS.pdf
  Skipped (duplicate): MTECH CSE MCS114 RESEARCH METHODOLOGY AND IPR.pdf
  Skipped (duplicate): MTECH ELECTRIC MACHINES AND DRIVES MEV104.pdf
  Skipped (duplicate): MTECH ELECTRIC MEV106 RESEARCH METHODOLOGY AND IPR.pdf
  Skipped (duplicate): MTECH ELECTRIC VEHICLE TECH MEV101.pdf
  Skipped (duplicate): MTECH MACHINE LEARNING MCS128.pdf
  Skipped (duplicate): MTECH MEV102 ADVANCED POWER ELECTRO.pdf
  Skipped (duplicate): MTECH MEV103 AUTOMATIVE TECH ELECTRIC VEHICLE TECH.pdf
  Skipped (duplicate): MTECH MEV105 ELECTRIC VEHICLE TECH.pdf
  Skipped (duplicate): MTECH STRUCTURAL ENGG MSE105 MATHEMATICS MODELING OF STRUCTURE.pdf
  Skipped (duplicate): MTECH STRUCTURAL ENGG MSE328 DESIGN OF BRIDGES.pdf
  Skipped (duplicate): MTECH STRUCTURAL MSE103 ADVANCE CONCRETE TECH.pdf
  Skipped (duplicate): MTECH STRUCTURAL MSE113 SEISMIC HAZARD ASSESSMENT.pdf
  Skipped (duplicate): MTECH STURCTURAL MSE101 THEORY OF ELASTICITY AND PLASTICITY.pdf
  Skipped (duplicate): MTECH CAD CAM ACME02 DISASTER MANAGEMENT.pdf
  Skipped (duplicate): MTECH CAD CAM DEME33 FRACTURE MECHANICS.pdf
  Skipped (duplicate): MTECH CAD CAM MME203 ROBOTICS AND AUTOMATION.pdf
  Skipped (duplicate): MTECH CSE MCS202 DISTRIBUTED COMPUTING.pdf
  Skipped (duplicate): MTECH DEME44 MODELING AND SIMULATION.pdf
  Skipped (duplicate): MTECH GEO INFORMATICS MGI201 INTRODUCTION TO COMPUTATIONAL INTELLIGENCE.pdf
  Skipped (duplicate): MTECH GEO INFORMATICS MGI202 CONCEPTS OF GPS AND APPLICATION.pdf
  Skipped (duplicate): MTECH GEO INFORMATICS MGI204 ADVANCED GEOGRAPHIC INFORMATION SYSTEMS.pdf
  Skipped (duplicate): MTECH GEO INFORMATICS MGI205 ADVANCED REMOTE SENSING.pdf
  Skipped (duplicate): MTECH GEO-INFORMATICS MGI203 DIGITAL PHOTOGRAMMETRY.pdf
  Skipped (duplicate): MTECH MCS 241 COMPUTER VISION AND ITS APPLICATION.pdf
  Skipped (duplicate): MTECH MCS201 ADVANCED SOFTWARE ENGINEERING.pdf
  Skipped (duplicate): MTECH MCS203 ARTIFICIAL INTELLIGENCE.pdf
  Skipped (duplicate): MTECH MCS230 BLOCKCHAIN TECHNOLOGY.pdf
  Skipped (duplicate): MTECH MME201 FINITE ELEMENT ANALYSIS .pdf
  Skipped (duplicate): MTECH MSE201 EARTHQUAKE RESISTANT DESIGN OF BUILDING .pdf
  Skipped (duplicate): MTECH STRUCTRUAL ENGG MSE203 ADVANCE STEEL DESIGN.pdf
  Skipped (duplicate): MTECH STRUCTURAL ENGG MSE 202 ADVANCE CONCRETE DESIGN.pdf
  Skipped (duplicate): MTECH STRUCTURAL ENGG MSE204 ADVANCE CONCRETE TECHNOLOGY.pdf
  Skipped (duplicate): MTECH VDM202 DIGITAL SYSTEM DESIGN USING VERILOG.pdf
  Skipped (duplicate): MTECH VLSI DESIGN AND SYSTEMS VDM241 MICRO SENSORS AND MEMS.pdf
  Skipped (duplicate): MTECH VLSI DESIGN VDM201 ADVANCED AND FPGA DESIGN.pdf
  Skipped (duplicate): MTECH VLSI VDM203 ADVANCED VLSI CIRCUIT TESTING.pdf
  Skipped (duplicate): MTECH VLSI VDM204 LOW POWER VLSI DESIGN.pdf
  Skipped (duplicate): MTECH CAD CAM OEME 03 COST MANAGEMENT OF ENGINEERING PROJECTS.pdf
  Skipped (duplicate): MTECH CSE MCS324 INTRUSION DETECTION SYSTEM.pdf
  Skipped (duplicate): MTECH CSE MCS327 FULL STACK WEB AND MULTIPLATFORM MOBILE APP DEVELOPMENT.pdf
  Skipped (duplicate): MTECH DEME53 COMPUTER AIDED ANALYSIS OF MECHANICAL SYSTEMS.pdf
  Skipped (duplicate): MTECH GEO INFORMATICS MGI323 INTERNET GIS.pdf
  Skipped (duplicate): MTECH GEO- INFORMATICS MGI 332 APPL OF GIO INFORMATICS IN WATER RESOURCE MANG.pdf
  Skipped (duplicate): MTECH GEO-INFORMATICS MGI313 APPLICATION OF GEOINFORMATICS FOR NATURAL RESOURCES MANAGEMENT.pdf
  Skipped (duplicate): MTECH MCS 301 SOFT COMPUTING.pdf
  Skipped (duplicate): MTECH ME CAD CAM MME301 RESEARCH METHODOLOGY AND IPR.pdf
  Skipped (duplicate): MTECH OCE 351 COST MANAGEMENT OF ENGINEERING PROJECTS.pdf
  Skipped (duplicate): MTECH STRUCTURAL ENGG MSE322 DESIGN OF FORMWORK.pdf
  Skipped (duplicate): MTECH STRUCTURAL ENGINEERING MSE315 SOIL STRUCTURE INTERACTION.pdf
  Skipped (duplicate): MTECH VLSI DESIGN & SYSTEMS VDM 391 ELECTRONIC DEVICES & CIRCUITS.pdf
  Skipped (duplicate): MTECH VLSI DESIGN AND SYSTEMS VOM 302 INTERNET OF THINGS.pdf
  Skipped (duplicate): MTECH CAD CAM MME301 RESEARCH METHODOLOGY AND IPR.pdf
  Skipped (duplicate): MTECH GEO INFORMATICAND STRUCTURAL ENGI OCE351 COST MANAGEMENT OF ENGINEERING PROJECTS.pdf
  Skipped (duplicate): MTECH GEO INFORMATICS MGI313 APP OF GEO INFORMATICS FOR NATURAL RESOURCE MANAGEMENT.pdf
  Skipped (duplicate): MTECH MCS 324 INTRUSION DETECTION SYSTEMS.pdf
  Skipped (duplicate): MTECH MCS301 SOFT COMPUTING.pdf
  Skipped (duplicate): MTECH ME DEME53 COMPUTER AIDED ANALYSIS OF MECHANICAL SYSTEM.pdf
  Skipped (duplicate): MTECH MGI323 INTERNET GIS.pdf
  Skipped (duplicate): MTECH MGI332 GEO INFORMATICS APPLICATION OF GEO INFORMATICS N WATER RESOURCE MANAGEMENT.pdf
  Skipped (duplicate): MTECH OEME04 COMPOSITE MATERIALS.pdf
  Skipped (duplicate): MTECH STRUCTRUAL ENGG MSE315 SOILSTRUCTURE INTERACTION.pdf
  Skipped (duplicate): MTECH STRUCTURAL ENGG MSE102 ADVANCE DESIGN OF STEEL.pdf
  Skipped (duplicate): MTECH STRUCTURAL ENGG MSE315 SOIL STRUCTUREINTERACTION.pdf
  Skipped (duplicate): MTECH STRUCTURAL ENGG MSE328 DESIGN OF BRIDGES.pdf
  Skipped (duplicate): MTECH VLSI VDM302 RESEARCH METHODOLOGY AND IPR.pdf
  Skipped (duplicate): MTECH VLSI VDM341 ORGANIC ELECTRONIC DEVICES AND CIRCUITS.pdf
  Skipped (duplicate): MTECH VLSI VLSI PHYSICAL DESIGN AUTOMATION VDM301 TBC503.pdf
  Skipped (duplicate): MTECH BIOMEDICAL ENGG BEM101 BIOMATERIALS ENGINEERING.pdf
  Skipped (duplicate): MTECH BIOMEDICAL ENGG BEM102 BIOMEDICAL INTRUMENTATION.pdf
  Skipped (duplicate): MTECH BIOMEDICAL ENGG BEM103 BIOMEDICAL ELECTRONICS.pdf
  Skipped (duplicate): MTECH BIOMEDICAL ENGG BEM143 NANOTECHNOLOGY IN MEDICINE.pdf
  Skipped (duplicate): MTECH ECE BEM104 BIOPHOTONICS.pdf
  Skipped (duplicate): MTECH ELECTRIC VEHICLE TECH MEV103 AUTOMOTIVE TECH.pdf
  Skipped (duplicate): MTECH ELECTRIC VEHICLE TECH MEV106 RESEARCH METHODOLOGY AND IPR.pdf
  Skipped (duplicate): MTECH ELECTRIC VEHICLE TECHNOLOGY MEV104 ELECTRICAL MACHINES AND DRIVES.pdf
  Skipped (duplicate): MTECH MEV101 ELECTRIC VECHICLE TECHNOLOGY.pdf
  Skipped (duplicate): MTECH MEV102 ADVANCE POWER ELECTRONICS.pdf
  Skipped (duplicate): MTECH MEV105 ELECTRIC VEHICLE TECHNOLOGY.pdf
  Skipped (duplicate): MTECH MSE104 MATRIX METHOD FOR STRUCTURAL ANALYSIS.pdf
  Skipped (duplicate): MTECH STRUCTURAL ENG MSE103 ADVANCE CONCRETE TECHNOLOGY.pdf
  Skipped (duplicate): MTECH STRUCTURAL ENGG MSE101 THEORY OF ELASTICITY AND PLASTICITY.pdf
  Skipped (duplicate): MTECH STRUCTURAL ENGG MSE105 MATHEMATICAL MODELING OF STRUCTURES.pdf
  Skipped (duplicate): MTECH STRUCTURAL ENGG MSE113 SEISMIC HAZARD ASSESSMENT.pdf
  Skipped (duplicate): MTECH STRUCTURAL ENGINEERING ADVANCE DESIGN OF STEEL STRUCTURES.pdf
  Skipped (duplicate): 1st sem End term 2019.PDF
  Skipped (duplicate): 1st Sem mid term 2018.pdf
  Skipped (duplicate): 1st sem mid term 2019.pdf
  Skipped (duplicate): 1ST SEM MID TERM OCT 2023 M.TECH.pdf
  Skipped (duplicate): m.teh 1st sem 1-54 mid term 2012.pdf
  Skipped (duplicate): MTECH ADVANCED SOFTWARE ENGG MCS201.pdf
  Skipped (duplicate): MTECH CAD CAM DEME33 FRACTURE MECHANICS.pdf
  Skipped (duplicate): MTECH CAD CAM MME203 ROBOTICS & AUTOMATION.pdf
  Skipped (duplicate): MTECH CSE MCS202 DISTRIBUTED COMPUTING.pdf
  Skipped (duplicate): MTECH CSE MCS230 BLOCKCHAIN TECH.pdf
  Skipped (duplicate): MTECH GEO INFORMATICS MGI202 CONCEPTS OF GPS & APPLICATION.pdf
  Skipped (duplicate): MTECH GEO INFORMATICS MGI204 ADVANCED GEOGRAPHIC INFORMATION SYSTEM.pdf
  Skipped (duplicate): MTECH GEO INFORMATICS MGI205 ADVANCED REMOTE SENSING.pdf
  Skipped (duplicate): MTECH GEO-INFORMATICS MGI203 DIGITAL PHOTOGRAMMETRY.pdf
  Skipped (duplicate): MTECH MCS 203 ARTIFICIAL INTELLIGENCE.pdf
  Skipped (duplicate): MTECH MCS241 COMPUTER VISION AND ITS APPLICATION.pdf
  Skipped (duplicate): MTECH ME DEME44 MODELING AND SIMULATION.pdf
  Skipped (duplicate): MTECH MGI201 INTRO TO COMPUTATIONAL INTELLI.pdf
  Skipped (duplicate): MTECH MME201 FINITE ELEMENT ANALYSIS.pdf
  Skipped (duplicate): MTECH MSE201 EARTHQUAKE RESISTANT DESIGN OF BUILDING.pdf
  Skipped (duplicate): MTECH STRUCTURAL ENG MSE 203 ADVANCE STEEL DESIGN.pdf
  Skipped (duplicate): MTECH STRUCTURAL ENG MSE202 ADVANCE CONCRETE DESIGN.pdf
  Skipped (duplicate): MTECH STRUCTURAL ENG MSE204 ADVANCED CONCREATE TECH.pdf
  Skipped (duplicate): MTECH VDM202 DIGITAL SYSTEM DESIGN USING VERILOG HDL.pdf
  Skipped (duplicate): MTECH VLSI VDM 203 ADVANCED VLSI CIRCUIT TESTING.pdf
  Skipped (duplicate): MTECH VLSI VDM204 LOW POWER VLSI DESIGN.pdf
  Skipped (duplicate): MTECH VLSI VDM241 MICRO SENSORS AND MEMS.pdf
  Skipped (duplicate): VDM 201 MTECH ADVANCED ASIC AND FPGA DESIGN.pdf
  Skipped (duplicate): 2nd sem m tech 2014.pdf
  Skipped (duplicate): 2nd sem mid term (mtech) 2014.pdf
  Skipped (duplicate): m.tech mid makeup phd mar apr 2015.pdf
  Skipped (duplicate): MGI323 INTERNET GIS.pdf
  Skipped (duplicate): MTECH GEO INFORMATICS AND STRUCTURAL ENGG OCE351 COST MANAGEMENT OF ENGINEERING PROJECTS.pdf
  Skipped (duplicate): MTECH GEO INFORMATICS MGI313 APPLICATION OF GEO-INFORMATICS FOR NATURAL RESOURCE MANAGEMENT.pdf
  Skipped (duplicate): MTECH MCS301 SOFT COMPUTING.pdf
  Skipped (duplicate): MTECH MCS324 INTRUSION DETECTION SYSTEM.pdf
  Skipped (duplicate): MTECH MGE332 APP OF GEO INFORMATICS IN WATER RESOURCE MANAG.pdf
  Skipped (duplicate): MTECH MME152 COMPUTER AIDED ANALYSIS OF MECHANICAL.pdf
  Skipped (duplicate): MTECH OEME04 COMPOSITE MATERIALS.pdf
  Skipped (duplicate): MTECH STRUCTURAL ENGG MSE315 SOIL STRUCTURE INTERACTION.pdf
  Skipped (duplicate): MTECH STRUCTURAL ENGG MSE328 DESIGN OF BRIDGES.pdf
  Skipped (duplicate): MTECH VLSI AND DESIGN  VDM341 ORGANIC ELECTRONIC DEVICES AND CIRCUITS.pdf
  Skipped (duplicate): MTECH VLSI DESIGN AND SYSTEMS VDM301 VLSI PHYSICAL DESIGN AUTOMATION.pdf
  Skipped (duplicate): MTECH VLSI VDM302 RESEARCH METHODOLOGY AND IPR.pdf
  Skipped (duplicate): 3rd sem mid 2022.pdf
  Skipped (duplicate): 3rd SEM MID TERM OCT 2023 M.TECH.pdf
All PDFs processed.
2026-04-06T00:40:44.960+05:30  INFO 41736 --- [ionShutdownHook] j.LocalContainerEntityManagerFactoryBean : Closing JPA EntityManagerFactory for persistence unit 'default'
2026-04-06T00:40:44.960+05:30  INFO 41736 --- [ionShutdownHook] com.zaxxer.hikari.HikariDataSource       : HikariPool-1 - Shutdown initiated...
2026-04-06T00:40:44.960+05:30  INFO 41736 --- [ionShutdownHook] com.zaxxer.hikari.HikariDataSource       : HikariPool-1 - Shutdown completed.
[INFO] ------------------------------------------------------------------------
[INFO] BUILD SUCCESS
[INFO] ------------------------------------------------------------------------
[INFO] Total time:  30.078 s
[INFO] Finished at: 2026-04-06T00:40:44+05:30
[INFO] ------------------------------------------------------------------------
[DEBUG] Shutting down adapter factory; available factories [file-lock, rwlock-local, semaphore-local, noop]; available name mappers [discriminating, file-gaecv, file-gav, file-hgaecv, file-hgav, file-static, gaecv, gav, static]
[DEBUG] Shutting down 'file-lock' factory
[DEBUG] Shutting down 'rwlock-local' factory
[DEBUG] Shutting down 'semaphore-local' factory
[DEBUG] Shutting down 'noop' factory
